inchi_key,smiles,cc_id,common_name,dgf_cc,mass
XLYOFNOQVPJJNP-UHFFFAOYSA-N,O,5,H2O,-238.1367122055623,18.015
ZKHQWZAMYRWXGA-KQYNXXCUSA-J,NC1=C2N=CN([C@@H]3O[C@H](COP([O-])(=O)OP([O-])(=O)OP(O)([O-])=O)[C@@H](O)[C@H]3O)C2=NC=N1,6,ATP,-2811.578331958078,503.151
MYMOFIZGZYHOMD-UHFFFAOYSA-N,O=O,7,O2,16.399999999865035,31.998
XJLXINKUBYWONI-NNYOXOHSSA-K,NC(=O)C1=C[N+](=CC=C1)[C@@H]1O[C@H](COP([O-])(=O)OP([O-])(=O)OC[C@H]2O[C@H]([C@H](OP([O-])([O-])=O)[C@@H]2O)N2C=NC3=C(N)N=CN=C23)[C@@H](O)[C@H]1O,8,Nicotinamide adenine dinucleotide phosphate,-3098.931269475794,740.3860000000001
ACFIXJIJDZMPPO-NNYOXOHSSA-J,NC(=O)C1=CN(C=CC1)[C@@H]1O[C@H](COP([O-])(=O)OP([O-])(=O)OC[C@H]2O[C@H]([C@H](OP([O-])([O-])=O)[C@@H]2O)N2C=NC3=C(N)N=CN=C23)[C@@H](O)[C@H]1O,9,Nicotinamide adenine dinucleotide phosphate - reduced,-3070.5260288612576,741.3939999999999
XTWYTFMLZFPYCI-KQYNXXCUSA-K,NC1=C2N=CN([C@@H]3O[C@H](COP([O-])(=O)OP(O)([O-])=O)[C@@H](O)[C@H]3O)C2=NC=N1,10,ADP,-1945.4278989637223,424.18
BAWFJGJZGIEFAR-NNYOXOHSSA-M,NC(=O)C1=C[N+](=CC=C1)[C@@H]1O[C@H](COP([O-])(=O)OP([O-])(=O)OC[C@H]2O[C@H]([C@H](O)[C@@H]2O)N2C=NC3=C(N)N=CN=C23)[C@@H](O)[C@H]1O,11,Nicotinamide adenine dinucleotide,-2261.3806478863044,662.422
NBIIXXVUZAFLBC-UHFFFAOYSA-L,OP([O-])([O-])=O,12,Phosphate,-1095.2054811974629,95.979
BOPGDPNILDQYTO-NNYOXOHSSA-L,NC(=O)C1=CN(C=CC1)[C@@H]1O[C@H](COP([O-])(=O)OP([O-])(=O)OC[C@H]2O[C@H]([C@H](O)[C@@H]2O)N2C=NC3=C(N)N=CN=C23)[C@@H](O)[C@H]1O,13,Nicotinamide adenine dinucleotide - reduced,-2236.551670011945,663.431
XPPKVPWEQAFLFU-UHFFFAOYSA-K,OP([O-])(=O)OP([O-])([O-])=O,14,Diphosphate,-1966.8036657706114,174.95
RGJOEKWQDUBAIZ-IBOSZNHHSA-J,CC(C)(COP([O-])(=O)OP([O-])(=O)OC[C@H]1O[C@H]([C@H](O)[C@@H]1OP([O-])([O-])=O)N1C=NC2=C(N)N=CN=C12)[C@@H](O)C(=O)NCCC(=O)NCCS,15,Coenzyme A,-3091.7676959124556,763.5
CURLTUGMZLYLDI-UHFFFAOYSA-N,O=C=O,16,CO2,-386.0000000000019,44.00899999999999
UDMBCSSLTHHNCD-KQYNXXCUSA-L,NC1=C2N=CN([C@@H]3O[C@H](COP([O-])([O-])=O)[C@@H](O)[C@H]3O)C2=NC=N1,17,AMP,-1033.9604935412508,345.209
QGZKDVFQNNGYKY-UHFFFAOYSA-O,[NH4+],18,Ammonia,-81.91776181003092,18.038
XCCTYIAWTASOJW-XVFCMESISA-K,O[C@H]1[C@@H](O)[C@@H](O[C@@H]1COP([O-])(=O)OP(O)([O-])=O)N1C=CC(=O)NC1=O,20,UDP,-2488.778008591411,401.13800000000003
ZJUKTBDSGOFHSH-WFMPWKQPSA-N,NC1=C2N=CN([C@@H]3O[C@H](CSCC[C@H]([NH3+])C([O-])=O)[C@@H](O)[C@H]3O)C2=NC=N1,21,S-Adenosyl-L-homocysteine,-330.3885785085754,384.41
KPGXRSRHYNQIFN-UHFFFAOYSA-L,[O-]C(=O)CCC(=O)C([O-])=O,22,2-Oxoglutarate,-790.9910392350721,144.083
ZSLZBFCDCINBPY-ZSJPKINUSA-J,CC(=O)SCCNC(=O)CCNC(=O)[C@H](O)C(C)(C)COP([O-])(=O)OP([O-])(=O)OC[C@H]1O[C@H]([C@H](O)[C@@H]1OP([O-])([O-])=O)N1C=NC2=C(N)N=CN=C12,23,Acetyl-CoA,-3231.0580128140787,805.54
MHAJPDPJQMAIIY-UHFFFAOYSA-N,OO,24,Hydrogen peroxide,-133.98848078973268,34.014
LCTONWCANYUPML-UHFFFAOYSA-M,CC(=O)C([O-])=O,25,Pyruvate,-467.91458028218807,87.055
KDYFGRWQOYBRFD-UHFFFAOYSA-L,[O-]C(=O)CCC([O-])=O,27,Succinate,-678.7488426035544,116.073
QTBSBXVTEAMEQO-UHFFFAOYSA-M,CC([O-])=O,28,Acetate,-368.4001848570517,59.045
DHMQDGOQFOQNFH-UHFFFAOYSA-N,[NH3+]CC([O-])=O,31,Glycine,-379.0749530308082,75.067
QGWNDRXFNXRZMB-UUOKFMHZSA-K,NC1=NC2=C(N=CN2[C@@H]2O[C@H](COP([O-])(=O)OP(O)([O-])=O)[C@@H](O)[C@H]2O)C(=O)N1,32,GDP,-2449.712992726801,440.17900000000003
IERHLVCPSMICTF-XVFCMESISA-L,NC1=NC(=O)N(C=C1)[C@@H]1O[C@H](COP([O-])([O-])=O)[C@@H](O)[C@H]1O,33,CMP,-1362.603194812416,321.183
QNAYBMKLOCPYGJ-REOHCLBHSA-N,C[C@H]([NH3+])C([O-])=O,34,L-Alanine,-368.14381577925167,89.094
IMGVNJNCCGXBHD-UYBVJOGSSA-K,CC1=CC2=C(C=C1C)N(C[C@H](O)[C@H](O)[C@H](O)COP([O-])(=O)OP([O-])(=O)OC[C@H]1O[C@H]([C@H](O)[C@@H]1O)N1C=NC3=C(N)N=CN=C13)C1=NC(=O)[N-]C(=O)C1=N2,35,Flavin adenine dinucleotide oxidized,-2172.1728715236113,783.5419999999999
ZDXPYRJPNDTMRX-VKHMYHEASA-N,NC(=O)CC[C@H]([NH3+])C([O-])=O,39,L-Glutamine,-523.7003942784842,146.14600000000002
YPZRHBJKEMOYQH-UYBVJOGSSA-L,CC1=CC2=C(C=C1C)N(C[C@H](O)[C@H](O)[C@H](O)COP([O-])(=O)OP([O-])(=O)OC[C@H]1O[C@H]([C@H](O)[C@@H]1O)N1C=NC3=C(N)N=CN=C13)C1=C(N2)C(=O)NC(=O)N1,40,Flavin adenine dinucleotide reduced,-2256.1898491337233,785.558
BDAGIHXWWSANSR-UHFFFAOYSA-M,[O-]C=O,41,Formate,-348.18720939005794,45.018
WQZGKKKJIJFFOK-GASJEMHNSA-N,OC[C@H]1OC(O)[C@H](O)[C@@H](O)[C@@H]1O,43,D-Glucose,-915.4644683587076,180.15599999999998
CKLJMWTZIZZHCS-REOHCLBHSA-M,[NH3+][C@@H](CC([O-])=O)C([O-])=O,44,1-deoxy-1-(N6-lysino)-D-fructose,-697.9611139718606,132.096
KHPXUQMNIQBQEV-UHFFFAOYSA-L,[O-]C(=O)CC(=O)C([O-])=O,48,Oxaloacetate,-793.6098453781267,130.056
LFTYTUAZOPRMMI-CFRASDGPSA-L,CC(=O)N[C@@H]1[C@@H](O)[C@H](O)[C@@H](CO)O[C@@H]1OP([O-])(=O)OP([O-])(=O)OC[C@H]1O[C@H]([C@H](O)[C@@H]1O)N1C=CC(=O)NC1=O,49,UDP-N-acetyl-D-glucosamine,-3120.3200686484724,605.34
XKMLYUALXHKNFT-UUOKFMHZSA-J,NC1=NC2=C(N=CN2[C@@H]2O[C@H](COP([O-])(=O)OP([O-])(=O)OP(O)([O-])=O)[C@@H](O)[C@H]2O)C(=O)N1,51,GTP,-3319.9637955637963,519.15
HSCJRCZFDFQWRP-JZMIEXBBSA-L,OC[C@H]1O[C@H](OP([O-])(=O)OP([O-])(=O)OC[C@H]2O[C@H]([C@H](O)[C@@H]2O)N2C=CC(=O)NC2=O)[C@H](O)[C@@H](O)[C@@H]1O,52,UDPglucose,-3145.0224313484823,564.2869999999999
MTCFGRXMJLQNBG-REOHCLBHSA-N,[NH3+][C@@H](CO)C([O-])=O,53,L-Serine,-521.4049206578978,105.09299999999999
XUJNEKJLAYXESH-REOHCLBHSA-N,[NH3+][C@@H](CS)C([O-])=O,55,L-Cysteine,-338.86793558993037,121.15
WSFSSNUMVMOOMR-UHFFFAOYSA-N,C=O,56,Formaldehyde,-123.73883967703209,30.026
RWSXRVCMGQZWBV-WDSKDSINSA-M,[NH3+][C@@H](CCC(=O)N[C@@H](CS)C(=O)NCC([O-])=O)C([O-])=O,57,Reduced glutathione,-940.9345407026665,306.31
QAOWNCQODCNURD-UHFFFAOYSA-L,[O-]S([O-])(=O)=O,58,Sulfate,-744.9111310124478,96.06
BVKZGUZCCUSVTD-UHFFFAOYSA-M,OC([O-])=O,60,Bicarbonate,-587.7651578065559,61.016999999999996
FFEARJCKVFRZRR-BYPYZUCNSA-N,CSCC[C@H]([NH3+])C([O-])=O,61,L-Methionine,-318.4969537308716,149.21
PCDQPRRSZKQHHS-XVFCMESISA-J,NC1=NC(=O)N(C=C1)[C@@H]1O[C@H](COP([O-])(=O)OP([O-])(=O)OP(O)([O-])=O)[C@@H](O)[C@H]1O,63,CTP,-3139.125281704982,479.125
AWUCVROLDVIAJX-GSVOUGTGSA-L,OC[C@@H](O)COP([O-])([O-])=O,64,Glycerol 3-phosphate,-1338.3022549816849,170.058
HHLFWLYXYJOTON-UHFFFAOYSA-M,[O-]C(=O)C=O,66,Glyoxylate,-470.7099273366382,73.028
ODKSFYDXXFIFQN-BYPYZUCNSA-O,NC(=[NH2+])NCCC[C@H]([NH3+])C([O-])=O,67,L-Arginine,-293.7081341437864,175.21099999999998
DTBNBXWJWCWCIK-UHFFFAOYSA-K,[O-]C(=O)C(=C)OP([O-])([O-])=O,70,Phosphoenolpyruvate,-1267.3802770044276,165.018
LXJXRIRHZLFYRP-VKHMYHEASA-L,O[C@H](COP([O-])([O-])=O)C=O,71,Glyceraldehyde 3-phosphate,-1289.1187980007971,168.042
IKHGUXGNUITLKF-UHFFFAOYSA-N,CC=O,72,Acetaldehyde,-140.0555027933688,44.053000000000004
OUYCCCASQSFEME-QMMMGPOBSA-N,[NH3+][C@@H](CC1=CC=C(O)C=C1)C([O-])=O,73,L-Tyrosine,-370.65666491786845,181.19099999999997
GNGACRATGGDKBX-UHFFFAOYSA-L,OCC(=O)COP([O-])([O-])=O,74,Dihydroxyacetone phosphate,-1294.7146295239452,168.042
KDXKERNSBIXSRK-YFKPBYRVSA-O,[NH3+]CCCC[C@H]([NH3+])C([O-])=O,75,L-Lysine,-360.38140171859135,147.197
DJJCXFVJDGTHFX-XVFCMESISA-L,O[C@H]1[C@@H](O)[C@@H](O[C@@H]1COP([O-])([O-])=O)N1C=CC(=O)NC1=O,77,UMP,-1576.9167904956184,322.16700000000003
MVMSCBBUIHUTGJ-GDJBGNAASA-L,NC1=NC2=C(N=CN2[C@@H]2O[C@H](COP([O-])(=O)OP([O-])(=O)O[C@H]3O[C@H](CO)[C@@H](O)[C@H](O)[C@@H]3O)[C@@H](O)[C@H]2O)C(=O)N1,78,GDP-D-mannose,-3115.4337994747366,603.328
NUHSROFQTUXZQQ-UHFFFAOYSA-K,CC(=C)CCOP([O-])(=O)OP(O)([O-])=O,79,Isopentenyl diphosphate,-1828.3274439664424,243.06900000000002
QAQREVBBADEHPA-IEXPHMLFSA-J,CCC(=O)SCCNC(=O)CCNC(=O)[C@H](O)C(C)(C)COP([O-])(=O)OP([O-])(=O)OC[C@H]1O[C@H]([C@H](O)[C@@H]1OP([O-])([O-])=O)N1C=NC2=C(N)N=CN=C12,81,Propanoyl-CoA,-3216.7999920162215,819.57
HDYANYHVCAPMJV-LXQIFKJMSA-K,O[C@H]1[C@@H](O)[C@@H](O[C@@H]1COP([O-])(=O)OP([O-])(=O)O[C@H]1O[C@@H]([C@@H](O)[C@H](O)[C@H]1O)C([O-])=O)N1C=CC(=O)NC1=O,82,UDP-D-glucuronate,-3320.3507277316357,577.262
MNBKLUUYKPBKDU-BBECNAHFSA-J,CCCCCCCCCCCCCCCC(=O)SCCNC(=O)CCNC(=O)[C@H](O)C(C)(C)COP([O-])(=O)OP([O-])(=O)OC[C@H]1O[C@H]([C@H](O)[C@@H]1OP([O-])([O-])=O)N1C=NC2=C(N)N=CN=C12,83,Palmitoyl-CoA (n-C16:0CoA),-3127.3227428080772,1001.92
NINIDFKCEFEMDL-UHFFFAOYSA-N,S,84,Sulfur,4.0413076408727996e-12,34.08
OEYIOHPDSNJKLS-UHFFFAOYSA-N,C[N+](C)(C)CCO,85,Choline,-137.5711599164659,104.17200000000001
PQGCEDQWHSBAJP-TXICZTDVSA-I,O[C@H]1[C@@H](O)[C@@H](OP([O-])(=O)OP(O)([O-])=O)O[C@@H]1COP([O-])([O-])=O,86,5-Phospho-alpha-D-ribose 1-diphosphate,-3330.739526832004,385.029
VNOYUJKHFWYWIR-ITIYDSSPSA-I,CC(C)(COP([O-])(=O)OP([O-])(=O)OC[C@H]1O[C@H]([C@H](O)[C@@H]1OP([O-])([O-])=O)N1C=NC2=C(N)N=CN=C12)[C@@H](O)C(=O)NCCC(=O)NCCSC(=O)CCC([O-])=O,87,Succinyl-CoA,-3541.5863084427365,862.57
VZCYOOQTPOCHFL-OWOJBTEDSA-L,[O-]C(=O)\C=C\C([O-])=O,88,Fumarate,-599.6207742604906,114.057
QIVBCDIJIAJPQS-VIFPVBQESA-N,[NH3+][C@@H](CC1=CNC2=CC=CC=C12)C([O-])=O,89,L-Tryptophan,-112.48280929533635,204.229
COLNVLDHVKWLRT-QMMMGPOBSA-N,[NH3+][C@@H](CC1=CC=CC=C1)C([O-])=O,91,L-Phenylalanine,-207.07052002003908,165.192
BJEPYKJPYRNKOW-REOHCLBHSA-L,O[C@@H](CC([O-])=O)C([O-])=O,92,L-Malate,-841.1781113959644,132.072
IOVCWXUNBOPUCH-UHFFFAOYSA-M,ON=O,101,Nitrite,-73.74431231480216,46.006
IPCSVZSSVZVIGE-UHFFFAOYSA-M,CCCCCCCCCCCCCCCC([O-])=O,102,Hexadecanoate (n-C16:0),-259.3525306085323,255.423
CWYNVVGOOAEACU-UHFFFAOYSA-N,[Fe++],104,Fe2+,-78.861234398191,55.843999999999994
RQFCJASXJCIDSX-UUOKFMHZSA-L,NC1=NC2=C(N=CN2[C@@H]2O[C@H](COP([O-])([O-])=O)[C@@H](O)[C@H]2O)C(=O)N1,106,GMP,-1539.0644884899334,361.208
ONIBWKKTOPOVIA-BYPYZUCNSA-N,[O-]C(=O)[C@@H]1CCC[NH2+]1,107,L-Proline,-303.76988635733693,115.132
KTVPXOYAKDPRHY-SOOFDHNKSA-L,OC1O[C@H](COP([O-])([O-])=O)[C@@H](O)[C@H]1O,109,D-Ribose 5-phosphate,-1597.9613311611258,228.09400000000002
XSQUKJJJFZCRTK-UHFFFAOYSA-N,NC(N)=O,110,Urea,-202.77724838008814,60.056000000000004
ANKZYBDXHMZBDK-SCRDCRAPSA-K,CC1=CC2=C(C=C1C)N(C[C@H](O)[C@H](O)[C@H](O)COP([O-])([O-])=O)C1=NC(=O)[N-]C(=O)C1=N2,112,FMN,-1315.2834793199722,454.333
PGAVKCOVUIYSFO-XVFCMESISA-J,O[C@H]1[C@@H](O)[C@@H](O[C@@H]1COP([O-])(=O)OP([O-])(=O)OP(O)([O-])=O)N1C=CC(=O)NC1=O,113,UTP,-3356.817482251002,480.10900000000004
GRSZFWQUAKGDAV-KQYNXXCUSA-L,O[C@@H]1[C@@H](COP([O-])([O-])=O)O[C@H]([C@@H]1O)N1C=NC2=C1N=CNC2=O,117,IMP,-1262.3700301788047,346.19300000000004
OSJPPGNTCRNQQC-UWTATZPHSA-K,O[C@H](COP([O-])([O-])=O)C([O-])=O,118,3-Phospho-D-glycerate,-1506.4900289830123,183.033
CDAISMWEOUEBRE-GPIVLXJGSA-N,O[C@H]1[C@H](O)[C@@H](O)[C@H](O)[C@H](O)[C@@H]1O,119,Myo-Inositol,-988.6637207579455,180.15599999999998
KRKNYBCHXYNGOX-UHFFFAOYSA-K,OC(CC([O-])=O)(CC([O-])=O)C([O-])=O,123,Citrate,-1160.9093417855465,189.101
CBIDRCWHNCKSTO-UHFFFAOYSA-K,CC(C)=CCOP([O-])(=O)OP(O)([O-])=O,124,Dimethylallyl diphosphate,-1833.2298341488033,243.06900000000002
OJFDKHTZOUZBOS-CITAKDKDSA-J,CC(=O)CC(=O)SCCNC(=O)CCNC(=O)[C@H](O)C(C)(C)COP([O-])(=O)OP([O-])(=O)OC[C@H]1O[C@H]([C@H](O)[C@@H]1OP([O-])([O-])=O)N1C=NC2=C(N)N=CN=C12,125,Acetoacetyl-CoA,-3345.4622391559456,847.58
HNDVDQJCIGZPNO-YFKPBYRVSA-N,[NH3+][C@@H](CC1=CNC=N1)C([O-])=O,126,L-Histidine,-173.9068422635855,155.157
YZXBAPSDXZZRGB-DOFZRALJSA-M,CCCCC\C=C/C\C=C/C\C=C/C\C=C/CCCC([O-])=O,127,"(5Z,8Z,11Z,14Z)-5,8,11,14-icosatetraenoic acid",80.17207670761036,303.467
FFQKYPRQEYGKAF-UHFFFAOYSA-L,NC(=O)OP([O-])([O-])=O,130,Carbamoyl phosphate,-1227.2984458951955,139.004
ROHFNLRQFUQHCH-YFKPBYRVSA-N,CC(C)C[C@H]([NH3+])C([O-])=O,132,L-Leucine,-348.83313977105473,131.175
AYFVYJQAPQTCCC-GBXIJSLDSA-N,C[C@@H](O)[C@H]([NH3+])C([O-])=O,134,L-Threonine,-529.0975706198433,119.12
OVRNDRQMDRJTHS-RTRLPJTCSA-N,CC(=O)N[C@H]1C(O)O[C@H](CO)[C@@H](O)[C@@H]1O,135,N-Acetyl-D-glucosamine,-889.4451962867588,221.209
UCMIRNVEIXFBKS-UHFFFAOYSA-N,[NH3+]CCC([O-])=O,136,Beta-Alanine,-373.3570982108406,89.094
FNZLKVNUWIIPSJ-UHNVWZDZSA-L,OCC(=O)[C@H](O)[C@H](O)COP([O-])([O-])=O,137,D-Ribulose 5-phosphate,-1595.8425625181173,228.09400000000002
DCXYFEDJOCDNAF-REOHCLBHSA-N,NC(=O)C[C@H]([NH3+])C([O-])=O,139,L-Asparagine,-526.0394534641051,132.119
DDQYFSWAPPTJDD-UHFFFAOYSA-N,[NH3+]C1CSSCC(NC(=O)CNC(=O)CNC1=O)C=O,140,Oxidized thioredoxin,14.672307418726508,320.38
WUUGFSXJNOTRMR-IOSLPCCCSA-N,CSC[C@H]1O[C@H]([C@H](O)[C@@H]1O)N1C=NC2=C(N)N=CN=C12,142,5-Methylthioadenosine,-3.964788344865269,297.33
YPZRWBKMTBYPTK-BJDJZHNGSA-L,[NH3+][C@@H](CCC(=O)N[C@@H](CSSC[C@H](NC(=O)CC[C@H]([NH3+])C([O-])=O)C(=O)NCC([O-])=O)C(=O)NCC([O-])=O)C([O-])=O,143,Oxidized glutathione,-1846.8207855214357,610.61
UJLXYODCHAELLY-XLPZGREQSA-K,CC1=CN([C@H]2C[C@H](O)[C@@H](COP([O-])(=O)OP(O)([O-])=O)O2)C(=O)NC1=O,144,DTDP,-2319.319024223299,399.166
KKADPXVIOXHVKN-UHFFFAOYSA-M,OC1=CC=C(CC(=O)C([O-])=O)C=C1,145,3-(4-Hydroxyphenyl)pyruvate,-470.35097247944935,179.15200000000002
WDJHALXBUFZDSR-UHFFFAOYSA-M,CC(=O)CC([O-])=O,146,Acetoacetate,-489.2622790306854,101.08200000000001
QNAYBMKLOCPYGJ-UWTATZPHSA-N,C[C@@H]([NH3+])C([O-])=O,148,D-Alanine,-368.1848352977934,89.094
OKKJLVBELUTLKV-UHFFFAOYSA-N,CO,149,Methanol,-175.27724925920583,32.042
ISAKRJDGNUQOIC-UHFFFAOYSA-N,O=C1NC=CC(=O)N1,150,Uracil,-240.1973203146211,112.088
TYEYBOSBBBHJIV-UHFFFAOYSA-M,CCC(=O)C([O-])=O,151,2-Oxobutanoate,-469.66340232395584,101.08200000000001
NBSCHQHZLSJFNQ-GASJEMHNSA-L,OC1O[C@H](COP([O-])([O-])=O)[C@@H](O)[C@H](O)[C@H]1O,152,D-Glucose 6-phosphate,-1763.823666407905,258.12
GUBGYTABKSRVRQ-PICCSMPSSA-N,OC[C@H]1O[C@H](O[C@H]2[C@H](O)[C@@H](O)C(O)O[C@@H]2CO)[C@H](O)[C@@H](O)[C@@H]1O,157,Maltose,-1578.5618649877806,342.29699999999997
"PTWSIIUEOFZCHW-NTCAYCPXSA-N
",CC(C)=CCCC(C)=CCC1=C(C)C(=O)C2=CC=CC=C2C1=O,158,Menaquinone,68.07178462400034,308.421
CZMRCDWAGMRECN-UGDNZRGBSA-N,OC[C@H]1O[C@@](CO)(O[C@H]2O[C@H](CO)[C@@H](O)[C@H](O)[C@H]2O)[C@@H](O)[C@@H]1O,159,Sucrose,-1568.2361715186994,342.29699999999997
GFFGJBXGBJISGV-UHFFFAOYSA-N,NC1=C2NC=NC2=NC=N1,160,Adenine,308.9521102206015,135.13
,,161,Reduced ferredoxin,19.471064299782796,
UIUJIQZEACWQSV-UHFFFAOYSA-M,[O-]C(=O)CCC=O,163,Succinic semialdehyde,-465.27213951979985,101.08200000000001
PHIQHXFUZVPYII-ZCFIWIBFSA-N,C[N+](C)(C)C[C@H](O)CC([O-])=O,164,L-Carnitine,-465.615822625611,161.201
LRFVTYWOQMYALW-UHFFFAOYSA-N,O=C1NC2=C(NC=N2)C(=O)N1,165,Xanthine,-115.17854163925335,152.113
"SQQWBSBBCSFQGC-JLHYYAGUSA-N
",COC1=C(OC)C(=O)C(CC=C(C)CCC=C(C)C)=C(C)C1=O,167,Ubiquinone,-326.10017021146723,318.413
,,168,Oxidized ferredoxin,-19.47106429977404,
JVTAAEKCZFNVCJ-REOHCLBHSA-M,C[C@H](O)C([O-])=O,169,L-Lactate,-512.821675424726,89.071
WQZGKKKJIJFFOK-QTVWNMPRSA-N,OC[C@H]1OC(O)[C@@H](O)[C@@H](O)[C@@H]1O,172,D-Mannose,-912.775180991792,180.15599999999998
QYNUQALWYRSVHF-OLZOCXBDSA-L,NC1=NC(=O)C2=C(NC[C@@H]3CN(CN23)C2=CC=C(C=C2)C(=O)N[C@@H](CCC([O-])=O)C([O-])=O)N1,173,"5,10-Methylenetetrahydrofolate",-716.8116258189252,455.43199999999996
FNZLKVNUWIIPSJ-RFZPGFLSSA-L,OCC(=O)[C@@H](O)[C@H](O)COP([O-])([O-])=O,176,D-Xylulose 5-phosphate,-1599.227980993909,228.09400000000002
SUHOOTKUPISOBE-UHFFFAOYSA-M,[NH3+]CCOP([O-])([O-])=O,177,Ethanolamine phosphate,-1042.2042864655493,140.055
RBNPOMFGQQGHHO-UWTATZPHSA-M,OC[C@@H](O)C([O-])=O,179,(R)-Glycerate,-666.5012847716284,105.07
BTCSSZJGUNDROE-UHFFFAOYSA-N,[NH3+]CCCC([O-])=O,181,4-Aminobutanoate,-371.7089407273135,103.12100000000001
JOUIQRNQJGXQDC-ZYUZMQFOSA-L,O[C@H]1[C@@H](O)[C@@H](O[C@@H]1COP([O-])([O-])=O)[N+]1=CC=CC(=C1)C([O-])=O,183,Nicotinate D-ribonucleotide,-1565.628903553246,333.19
UFHFLCQGNIYNRP-UHFFFAOYSA-N,,184,H2,17.611375370398797,2.016
VTLYFUHAOXGGBS-UHFFFAOYSA-N,[Fe+++],185,Fe3+,-4.612777395956758,55.843
HDTRYLNUVZCQOY-LIZSDCNHSA-N,OC[C@H]1O[C@H](O[C@H]2O[C@H](CO)[C@@H](O)[C@H](O)[C@H]2O)[C@H](O)[C@@H](O)[C@@H]1O,187,(Glc)2,-1581.3386398179603,342.29699999999997
KZSNJWFQEVHDMF-BYPYZUCNSA-N,CC(C)[C@H]([NH3+])C([O-])=O,188,L-Valine,-358.67537043502347,117.148
"RNUCUWWMTTWKAH-JLHYYAGUSA-N
",COC1=C(O)C(C)=C(CC=C(C)CCC=C(C)C)C(O)=C1OC,191,Ubiquinol,-429.3918481453076,320.42900000000003
NHNBFGGVMKEFGY-UHFFFAOYSA-N,[O-][N+]([O-])=O,195,Nitrate,-108.69030859955372,62.005
YTNIXZGTHTVJBW-SCRDCRAPSA-L,CC1=CC2=C(C=C1C)N(C[C@H](O)[C@H](O)[C@H](O)COP([O-])([O-])=O)C1=C(N2)C(=O)NC(=O)N1,196,Reduced FMN,-1401.284261642252,456.349
DEDGUGJNLNLJSR-UHFFFAOYSA-M,[O-]C(=O)C(=O)CC1=CC=CC=C1,198,2-Hydroxy-3-phenylpropenoate,-301.5594179557646,163.153
RHGKLRLOHDJJDR-BYPYZUCNSA-N,NC(=O)NCCC[C@H]([NH3+])C([O-])=O,199,L-Citrulline,-487.0254537169728,175.188
OIRDTQYFTABQOQ-KQYNXXCUSA-N,NC1=C2N=CN([C@@H]3O[C@H](CO)[C@@H](O)[C@H]3O)C2=NC=N1,200,Adenosine,-190.99130346389418,267.245
FDGQSTZJBFJUBT-UHFFFAOYSA-N,O=C1NC=NC2=C1N=CN2,201,Hypoxanthine,90.11755932480493,136.114
KFWWCMJSYSSPSK-PAXLJYGASA-J,CC=CC(=O)SCCNC(=O)CCNC(=O)[C@H](O)C(C)(C)COP([O-])(=O)OP([O-])(=O)OC[C@H]1O[C@H]([C@H](O)[C@@H]1OP([O-])([O-])=O)N1C=NC2=C(N)N=CN=C12,202,Crotonoyl-CoA,-3139.1080409708807,831.58
NBSCHQHZLSJFNQ-DVKNGEFBSA-L,O[C@H]1O[C@H](COP([O-])([O-])=O)[C@@H](O)[C@H](O)[C@H]1O,203,Alpha-D-glucose 6 phosphate,-1755.725257168082,258.12
DFPAKSUCGFBDDF-UHFFFAOYSA-N,NC(=O)C1=CN=CC=C1,204,Nicotinamide,-32.056860725004924,122.12700000000001
HZAXFHJVJLSVMW-UHFFFAOYSA-O,[NH3+]CCO,206,Ethanolamine,-186.11529369241137,62.091
ZWIADYZPOWUWEW-XVFCMESISA-K,NC1=NC(=O)N(C=C1)[C@@H]1O[C@H](COP([O-])(=O)OP(O)([O-])=O)[C@@H](O)[C@H]1O,208,CDP,-2272.73079191011,400.154
AEMRFAOFKBGASW-UHFFFAOYSA-M,OCC([O-])=O,210,Glycolate,-532.8194635438197,75.044
SQVRNKJHWKZAKO-LUWBGTNYSA-M,CC(=O)N[C@@H]1[C@@H](O)CC(O)(O[C@H]1[C@H](O)[C@H](O)CO)C([O-])=O,214,N-Acetylneuraminate,-1361.5334751690302,308.264
MWUXSHHQAYIFBG-UHFFFAOYSA-N,[N]=O,215,Nitric oxide,86.49999999999764,30.006
YHHSONZFOIEMCP-UHFFFAOYSA-M,C[N+](C)(C)CCOP([O-])([O-])=O,216,Choline phosphate,-989.9749967962259,182.136
AGPKZVBTJJNPAG-WHFBIAKZSA-N,CC[C@H](C)[C@H]([NH3+])C([O-])=O,218,L-Isoleucine,-343.86369511830225,131.175
PXQPEWDEAKTCGB-UHFFFAOYSA-M,[O-]C(=O)C1=CC(=O)NC(=O)N1,222,Orotate,-582.1481592740195,155.09
AUFGTPPARQZWDO-YPMHNXCESA-L,NC1=NC(=O)C2=C(NC[C@H](CN(C=O)C3=CC=C(C=C3)C(=O)N[C@@H](CCC([O-])=O)C([O-])=O)N2)N1,224,10-Formyltetrahydrofolate,-932.8126760328807,471.431
AEMFNILZOJDQLW-QAGGRKNESA-N,C[C@]12CC[C@H]3[C@@H](CCC4=CC(=O)CC[C@]34C)[C@@H]1CCC2=O,226,4-ANDROSTENE-3-17-DIONE,-847.3163096161544,286.415
AEMOLEFTQBMNLQ-AQKNRBDQSA-M,OC1O[C@@H]([C@@H](O)[C@H](O)[C@H]1O)C([O-])=O,228,D-Glucuronate,-1092.498051338683,193.132
HMFHBZSHGGEWLO-SOOFDHNKSA-N,OC[C@H]1OC(O)[C@H](O)[C@@H]1O,229,D-Ribose,-743.0184560408018,150.13
IVOMOUWHDPKRLL-KQYNXXCUSA-M,NC1=C2N=CN([C@@H]3O[C@@H]4COP([O-])(=O)O[C@H]4[C@H]3O)C2=NC=N1,230,CAMP,-798.3581620035018,328.20099999999996
OAKURXIZZOAYBC-UHFFFAOYSA-M,[O-]C(=O)CC=O,231,Malonate semialdehyde,-476.98682857999904,87.055
PHIQHXFUZVPYII-LURJTMIESA-N,C[N+](C)(C)C[C@@H](O)CC([O-])=O,233,D-Carnitine,-468.24489944066977,161.201
UFIVEPVSAGBUSI-REOHCLBHSA-M,[O-]C(=O)[C@@H]1CC(=O)NC(=O)N1,239,(S)-Dihydroorotate,-611.6321764368242,157.106
,C#N,241,Hydrogen cyanide,119.57070440250133,27.026
BAVYZALUXZFZLV-UHFFFAOYSA-O,C[NH3+],242,Mma,-39.854122544960866,32.065
GYOZYWVXFNDGLU-XLPZGREQSA-L,CC1=CN([C@H]2C[C@H](O)[C@@H](COP([O-])([O-])=O)O2)C(=O)NC1=O,244,DTMP,-1410.1178676277211,320.195
NGHMDNPXVRFFGS-IUYQGCFVSA-L,O[C@H](COP([O-])([O-])=O)[C@@H](O)C=O,245,D-Erythrose 4-phosphate,-1440.779807788474,198.06799999999998
UYTPUPDQBNUYGX-UHFFFAOYSA-N,NC1=NC2=C(N=CN2)C(=O)N1,246,Guanine,-186.8486922939378,151.129
LJQLQCAXBUHEAZ-UWTATZPHSA-J,O[C@H](COP([O-])([O-])=O)C(=O)OP([O-])([O-])=O,248,3-Phospho-D-glyceroyl phosphate,-2354.6161910259148,262.005
FGSBNBBHOZHUBO-UHFFFAOYSA-L,[O-]C(=O)CCCC(=O)C([O-])=O,250,2 Oxoadipate,-780.8442098975211,158.11
NCMVOABPESMRCP-SHYZEUOFSA-L,NC1=NC(=O)N(C=C1)[C@H]1C[C@H](O)[C@@H](COP([O-])([O-])=O)O1,253,DCMP,-1192.6014785054924,305.184
HWXBTNAVRSUOJR-GSVOUGTGSA-L,O[C@H](CCC([O-])=O)C([O-])=O,254,(2R)-2-hydroxypentanedioate,-836.3313866462229,146.099
OYIFNHCXNCRBQI-BYPYZUCNSA-M,[NH3+][C@@H](CCCC([O-])=O)C([O-])=O,255,L 2 Aminoadipate,-681.629598915116,160.15
JDTUMPKOJBQPKX-GBNDHIKLSA-L,OCC(=O)[C@@H](O)[C@H](O)[C@H](O)[C@H](O)COP([O-])([O-])=O,258,Sedoheptulose 7-phosphate,-1911.9449884400403,288.14599999999996
PVNIIMVLHYAWGP-UHFFFAOYSA-M,[O-]C(=O)C1=CN=CC=C1,260,Nicotinate,-193.79849185868454,122.104
GXIURPTVHJPJLF-UWTATZPHSA-K,OC[C@@H](OP([O-])([O-])=O)C([O-])=O,261,D-Glycerate 2-phosphate,-1501.8173933770838,183.033
LIPOUNRJVLNBCD-UHFFFAOYSA-L,CC(=O)OP([O-])([O-])=O,266,Acetyl phosphate,-1226.7914128825068,138.016
OZRNSSUDZOLUSN-LBPRGKRZSA-L,NC1=NC2=C(N=C(CNC3=CC=C(C=C3)C(=O)N[C@@H](CCC([O-])=O)C([O-])=O)CN2)C(=O)N1,267,"7,8-Dihydrofolate",-762.7011794713333,441.405
RZZPDXZPRHQOCG-OJAKKHQRSA-M,C[N+](C)(C)CCOP([O-])(=O)OP([O-])(=O)OC[C@H]1O[C@H]([C@H](O)[C@@H]1O)N1C=CC(N)=NC1=O,269,CDPcholine,-2155.8324827138954,487.319
DQQDLYVHOTZLOR-OCIMBMBZSA-L,O[C@H]1[C@@H](O)[C@@H](O[C@@H]1COP([O-])(=O)OP([O-])(=O)O[C@H]1OC[C@@H](O)[C@H](O)[C@H]1O)N1C=CC(=O)NC1=O,270,UDP-D-xylose,-2990.6204560085193,534.261
JVTAAEKCZFNVCJ-UWTATZPHSA-M,C[C@@H](O)C([O-])=O,271,D-Lactate,-509.7263016973671,89.071
SUYVUBYJARFZHO-RRKCRQDMSA-J,NC1=C2N=CN([C@H]3C[C@H](O)[C@@H](COP([O-])(=O)OP([O-])(=O)OP(O)([O-])=O)O3)C2=NC=N1,272,DATP,-2642.069818213512,487.152
IRLPACMLTUPBCL-KQYNXXCUSA-L,NC1=C2N=CN([C@@H]3O[C@H](COP([O-])(=O)OS([O-])(=O)=O)[C@@H](O)[C@H]3O)C2=NC=N1,273,Adenosine 5'-phosphosulfate,-1541.6374495728128,425.27
DRTQHJPVMGBUCF-XVFCMESISA-N,OC[C@H]1O[C@H]([C@H](O)[C@@H]1O)N1C=CC(=O)NC1=O,274,Uridine,-729.330586272688,244.203
MUBZPKHOEPUJKR-UHFFFAOYSA-L,[O-]C(=O)C([O-])=O,277,Oxalate,-673.8603709251499,88.01899999999999
OYHQOLUKZRVURQ-HZJYTTRNSA-M,CCCCC\C=C/C\C=C/CCCCCCCC([O-])=O,279,Lnlc,-82.82573842263412,279.445
MUMGGOZAMZWBJJ-DYKIIFRCSA-N,C[C@]12CC[C@H]3[C@@H](CCC4=CC(=O)CC[C@]34C)[C@@H]1CC[C@@H]2O,280,17beta-Hydroxy-4-androsten-3-one,-867.5607812075917,288.431
YXJDFQJKERBOBM-TXICZTDVSA-L,OC[C@H]1O[C@H](OP([O-])([O-])=O)[C@H](O)[C@@H]1O,281,Alpha-D-Ribose 1-phosphate,-1586.5478187314668,228.09400000000002
DWAKNKKXGALPNW-BYPYZUCNSA-M,[O-]C(=O)[C@@H]1CCC=N1,285,"(2S)-3,4-dihydro-2H-pyrrole-2-carboxylate",-193.8142916264771,112.109
LFQSCWFLJHTTHZ-UHFFFAOYSA-N,CCO,287,Ethanol,-179.13236216246653,46.068999999999996
VOKUMXABRRXHAR-UHFFFAOYSA-M,CC(C=O)C([O-])=O,289,2-Methyl-3-oxopropanoate,-457.6232223789982,101.08200000000001
AIJULSRZWUXGPQ-UHFFFAOYSA-N,CC(=O)C=O,293,Methylglyoxal,-258.5678057628678,72.063
RADKZDMFGJYCBB-UHFFFAOYSA-N,CC1=NC=C(CO)C(C=O)=C1O,294,Pyridoxal,-324.5161276873585,167.16400000000002
RSTKLPZEZYGQPY-UHFFFAOYSA-M,[O-]C(=O)C(=O)CC1=CNC2=CC=CC=C12,297,Indolepyruvate,-251.78970362002295,202.19
ZNOVTXRBGFNYRX-STQMWFEESA-L,CN1[C@@H](CNC2=CC=C(C=C2)C(=O)N[C@@H](CCC([O-])=O)C([O-])=O)CNC2=C1C(=O)N=C(N)N2,300,5-Methyltetrahydrofolate,-778.2999561206523,457.44800000000004
BIRSGZKFKXLSJQ-SQOUGZDYSA-K,O[C@H](COP([O-])([O-])=O)[C@@H](O)[C@H](O)[C@@H](O)C([O-])=O,307,6-Phospho-D-gluconate,-1965.4636040405292,273.111
DNXHEGUUPJUMQT-CBZIJGRNSA-N,C[C@]12CC[C@H]3[C@@H](CCC4=C3C=CC(O)=C4)[C@@H]1CCC2=O,309,Estrone,-681.5544951586019,270.372
WHUUTDBJXJRKMK-GSVOUGTGSA-M,[NH3+][C@H](CCC([O-])=O)C([O-])=O,313,D-Glutamate,-691.8644633163399,146.123
UGQMRVRMYYASKQ-KQYNXXCUSA-N,OC[C@H]1O[C@H]([C@H](O)[C@@H]1O)N1C=NC2=C1N=CNC2=O,316,Inosine,-410.17786540066635,268.22900000000004
HXXFSFRBOHSIMQ-FPRJBGLDSA-L,OC[C@H]1O[C@H](OP([O-])([O-])=O)[C@H](O)[C@@H](O)[C@H]1O,318,Alpha-D-Galactose 1-phosphate,-1752.7083766477933,258.12
WTFXTQVDAKGDEY-HTQZYQBOSA-L,O[C@@H]1C=CC(=C[C@H]1OC(=C)C([O-])=O)C([O-])=O,319,Chorismate,-771.9498736722244,224.169
UHDGCWIWMRVCDJ-XVFCMESISA-N,NC1=NC(=O)N(C=C1)[C@@H]1O[C@H](CO)[C@@H](O)[C@H]1O,320,Cytidine,-518.3576713492946,243.21900000000002
PHOQVHQSTUBQQK-SQOUGZDYSA-N,OC[C@H]1OC(=O)[C@H](O)[C@@H](O)[C@@H]1O,321,D Glucono 1 5 lactone,-901.8902084349177,178.14
RGHNJXZEOKUKBD-SQOUGZDYSA-M,OC[C@@H](O)[C@@H](O)[C@H](O)[C@@H](O)C([O-])=O,323,D-Gluconate,-1128.2774041899763,195.148
WGCNASOHLSPBMP-UHFFFAOYSA-N,OCC=O,330,Glycolaldehyde,-293.29955406996197,60.052
XFNJVJPLKCPIBV-UHFFFAOYSA-P,[NH3+]CCC[NH3+],331,"1,3-DIAMINOPROPANE",-50.86885194112001,76.142
GETQZCLCWQTVFV-UHFFFAOYSA-O,C[NH+](C)C,333,Trimethylamine,37.17322791207342,60.119
UKAUYVFTDYCKQA-VKHMYHEASA-N,[NH3+][C@@H](CCO)C([O-])=O,334,L-Homoserine,-490.00231385092246,119.12
DAYLJWODMCOQEW-TURQNECASA-M,NC(=O)C1=C[N+](=CC=C1)[C@@H]1O[C@H](COP([O-])([O-])=O)[C@@H](O)[C@H]1O,336,NMN,-1415.008833323659,333.213
XBDQKXXYIPTUBI-UHFFFAOYSA-M,CCC([O-])=O,337,CH3-CH2-COO(-),-360.7630265083477,73.072
VOXZDWNPVJITMN-ZBRFXRBCSA-N,C[C@]12CC[C@H]3[C@@H](CCC4=C3C=CC(O)=C4)[C@@H]1CC[C@@H]2O,339,"(17beta)-estra-1,3,5(10)-triene-3,17-diol",-704.0665255331907,272.388
HOSWPDPVFBCLSY-VKHMYHEASA-N,[NH3+][C@@H](CC=O)C([O-])=O,342,L-Aspartate 4-semialdehyde,-449.49981715256536,117.104
GUBGYTABKSRVRQ-QKKXKWKRSA-N,OC[C@H]1O[C@@H](O[C@H]2[C@H](O)[C@@H](O)C(O)O[C@@H]2CO)[C@H](O)[C@@H](O)[C@H]1O,343,Lactose,-1575.0026225215993,342.29699999999997
NOTGFIUVDGNKRI-UUOKFMHZSA-L,NC(=O)C1=C(N)N(C=N1)[C@@H]1O[C@H](COP([O-])([O-])=O)[C@@H](O)[C@H]1O,346,5-Amino-1-(5-Phospho-D-ribosyl)imidazole-4-carboxamide,-1358.1145295273059,336.19800000000004
XHMJOUIAFHJHBW-IVMDWMLBSA-M,[NH3+][C@H]1C(O)O[C@H](COP([O-])([O-])=O)[C@@H](O)[C@@H]1O,350,D-Glucosamine 6-phosphate,-1608.3619151163525,258.143
HUMNYLRZRPPJDN-UHFFFAOYSA-N,O=CC1=CC=CC=C1,351,Benzaldehyde,4.4563982951279435,106.124
BEUZRXRCQLIWPE-NALJQGANSA-I,C[C@H](OP([O-])(=O)OC[C@@H](O)[C@@H](O)[C@@H](O)CN1C2=C(C=C3C=CC(=O)C=C13)C(=O)NC(=O)N2)C(=O)N[C@@H](CCC(=O)N[C@@H](CCC([O-])=O)C([O-])=O)C([O-])=O,352,Coenzyme ferredoxin 420-2 (oxidized),-2592.7684378781455,768.561
DAEAPNUQQAICNR-RRKCRQDMSA-K,NC1=C2N=CN([C@H]3C[C@H](O)[C@@H](COP([O-])(=O)OP(O)([O-])=O)O3)C2=NC=N1,354,DADP,-1778.621384458837,408.181
SIKJAQJRHWYJAI-UHFFFAOYSA-N,N1C=CC2=CC=CC=C12,357,Indole,221.55985070699757,117.15100000000001
BZQFBWGGLXLEPQ-REOHCLBHSA-L,[NH3+][C@@H](COP([O-])([O-])=O)C([O-])=O,359,O-Phospho-L-serine,-1368.5255915962505,183.05700000000002
ZDGJAHTZVHVLOT-YUMQZZPRSA-M,[NH3+][C@@H](CCCC[NH2+][C@@H](CCC([O-])=O)C([O-])=O)C([O-])=O,364,L Saccharopine,-971.0569422027976,275.282
RWQNBRDOKXIBIV-UHFFFAOYSA-N,CC1=CNC(=O)NC1=O,366,Thymine,-232.95509973994342,126.115
PDACUKOKVHBVHJ-XVFCMESISA-M,NC1=C[NH+]=CN1[C@@H]1O[C@H](COP([O-])([O-])=O)[C@@H](O)[C@H]1O,367,5-Aminoimidazole ribonucleotide,-1174.1312803593241,294.18
WQZGKKKJIJFFOK-PHYPRBDBSA-N,OC[C@H]1O[C@H](O)[C@H](O)[C@@H](O)[C@H]1O,369,D-Galactose,-908.4156071594105,180.15599999999998
HHDDCCUIIUWNGJ-UHFFFAOYSA-M,OCC(=O)C([O-])=O,371,Hydroxypyruvate,-617.31963208596,103.054
GACTWZZMVMUKNG-SLPGGIOYSA-L,OC[C@H](O)[C@@H](O)[C@H](O)[C@H](O)COP([O-])([O-])=O,372,D-Sorbitol 6-phosphate,-1793.6708980078836,260.13599999999997
NHVNXKFIZYSCEB-XLPZGREQSA-J,CC1=CN([C@H]2C[C@H](O)[C@@H](COP([O-])(=O)OP([O-])(=O)OP(O)([O-])=O)O2)C(=O)NC1=O,373,DTTP,-3180.092700711443,478.13699999999994
DBXBTMSZEOQQDU-UHFFFAOYSA-M,CC(CO)C([O-])=O,375,3-Hydroxy-2-methylpropanoate,-496.63727825510625,103.098
CSCPPACGZOOCGX-UHFFFAOYSA-N,CC(C)=O,377,Acetone,-160.11217099051126,58.08
CVSVTCORWBXHQV-UHFFFAOYSA-N,CN(CC([O-])=O)C(N)=[NH2+],379,((amino(imino)methyl)(methyl)amino)acetic acid,-259.1980097717237,131.135
NYHBQMYGNKIUIF-UUOKFMHZSA-N,NC1=NC2=C(N=CN2[C@@H]2O[C@H](CO)[C@@H](O)[C@H]2O)C(=O)N1,380,Guanosine,-688.7053498114315,283.244
BKAJNAXTPSGJCU-UHFFFAOYSA-M,CC(C)CC(=O)C([O-])=O,383,4-Methyl-2-oxopentanoate,-448.617108407022,129.136
JTFITTQBRJDSTL-KVTDHHQDSA-L,CSC[C@H]1O[C@H](OP([O-])([O-])=O)[C@H](O)[C@@H]1O,386,5-Methylthio-5-deoxy-D-ribose 1-phosphate,-1397.159533152171,258.18
FTDHDKPUHBLBTL-SHYZEUOFSA-K,NC1=NC(=O)N(C=C1)[C@H]1C[C@H](O)[C@@H](COP([O-])(=O)OP(O)([O-])=O)O1,390,DCDP,-2103.594034361289,384.155
RNBGYGVWRKECFJ-VRPWFDPXSA-J,O[C@H]1[C@H](O)C(O)(COP([O-])([O-])=O)O[C@@H]1COP([O-])([O-])=O,396,"D-Fructose 1,6-bisphosphate",-2598.8575978629538,336.084
VZXPDPZARILFQX-BYPYZUCNSA-N,CC(=O)OC[C@H]([NH3+])C([O-])=O,397,O-Acetyl-L-serine,-667.3384759751112,147.13
LXNHXLLTXMVWPM-UHFFFAOYSA-N,CC1=NC=C(CO)C(CO)=C1O,398,Pyridoxine,-369.25724962901194,169.18
IQFYYKKMVGJFEH-XLPZGREQSA-N,CC1=CN([C@H]2C[C@H](O)[C@@H](CO)O2)C(=O)NC1=O,399,Thymidine,-563.5943817030336,242.231
HAEJPQIATWHALX-KQYNXXCUSA-J,O[C@@H]1[C@@H](COP([O-])(=O)OP([O-])(=O)OP(O)([O-])=O)O[C@H]([C@@H]1O)N1C=NC2=C1N=CNC2=O,402,ITP,-3063.7830930128434,504.135
NCYCYZXNIZJOKI-OVSJKPMPSA-N,C\C(\C=C\C=C(/C)\C=C\C1=C(C)CCCC1(C)C)=C/C=O,404,Retinal,305.0841055831157,284.443
IJOJIVNDFQSGAB-SQOUGZDYSA-L,O[C@H]1[C@H](O)[C@@H](COP([O-])([O-])=O)OC(=O)[C@@H]1O,408,"6-phospho-D-glucono-1,5-lactone",-1749.6731530703191,256.10400000000004
KHWCHTKSEGGWEX-RRKCRQDMSA-L,NC1=C2N=CN([C@H]3C[C@H](O)[C@@H](COP([O-])([O-])=O)O3)C2=NC=N1,411,DAMP,-870.2827319573954,329.21
MNQZXJOMYWMBOU-VKHMYHEASA-N,OC[C@@H](O)C=O,414,D-Glyceraldehyde,-436.62917261293046,90.07799999999999
CIKGWCTVFSRMJU-KVQBGUIXSA-K,NC1=NC2=C(N=CN2[C@H]2C[C@H](O)[C@@H](COP([O-])(=O)OP(O)([O-])=O)O2)C(=O)N1,415,DGDP,-2280.4568963635616,424.18
UYPYRKYUKCHHIB-UHFFFAOYSA-N,CN(C)(C)=O,416,Trimethylamine N-oxide,102.19858830104944,75.111
WBYWAXJHAXSJNI-VOTSOKGWSA-M,[O-]C(=O)\C=C\C1=CC=CC=C1,417,Trans-Cinnamate,-127.1962856224608,147.154
WPAMZTWLKIDIOP-WVZVXSGGSA-M,OC[C@@H](O)[C@@H](O)CC(=O)C([O-])=O,419,2-Dehydro-3-deoxy-D-gluconate,-922.8523870939453,177.13299999999998
LEHOTFFKMJEONL-UHFFFAOYSA-N,O=C1NC2=C(N1)C(=O)NC(=O)N2,420,Urate,-357.57446862625346,168.112
"CZHYZLLLSCZMRL-NTCAYCPXSA-N
",CC(C)=CCCC(C)=CCC1=C(C)C(O)=C2C=CC=CC2=C1O,421,Menaquinol,0.882720502319593,310.437
QMMFVYPAHWMCMS-UHFFFAOYSA-N,CSC,423,Dimethyl sulfide,7.617736539180738,62.13
QHHKKMYHDBRONY-VKBDFPRVSA-J,C[C@H](O)CC(=O)SCCNC(=O)CCNC(=O)[C@H](O)C(C)(C)COP([O-])(=O)OP([O-])(=O)OC[C@H]1O[C@H]([C@H](O)[C@@H]1OP([O-])([O-])=O)N1C=NC2=C(N)N=CN=C12,425,(S)-3-Hydroxybutanoyl-CoA,-3381.039017426474,849.59
LABSPYBHMPDTEL-LIZSDCNHSA-L,OC[C@H]1O[C@H](O[C@H]2O[C@H](COP([O-])([O-])=O)[C@@H](O)[C@H](O)[C@H]2O)[C@H](O)[C@@H](O)[C@@H]1O,427,"Alpha,alpha'-Trehalose 6-phosphate",-2431.6773828464648,420.26099999999997
WVIMUEUQJFPNDK-PEBGCTIMSA-M,NC1=NC(=O)N(C=C1)[C@@H]1O[C@H](COP([O-])(=O)OP([O-])(=O)OCC[NH3+])[C@@H](O)[C@H]1O,428,CDPethanolamine,-2216.61711396564,445.23800000000006
PSXWNITXWWECNY-UCBTUHGZSA-L,C[C@H]1O[C@H](OP([O-])(=O)OP([O-])(=O)OC[C@H]2O[C@H](C[C@@H]2O)N2C=C(C)C(=O)NC2=O)[C@H](O)[C@@H](O)C1=O,430,DTDP-4-dehydro-6-deoxy-D-glucose,-2785.361408107259,544.3
ABCOOORLYAOBOZ-KQYNXXCUSA-L,NC(=O)C1=C(NC=O)N(C=N1)[C@@H]1O[C@H](COP([O-])([O-])=O)[C@@H](O)[C@H]1O,435,5-Formamido-1-(5-phospho-D-ribosyl)imidazole-4-carboxamide,-1480.931270677954,364.208
FERIUCNNQQJTOY-UHFFFAOYSA-M,CCCC([O-])=O,437,1-butanoate,-352.59004126309924,87.09899999999999
RXKJFZQQPQGTFL-UHFFFAOYSA-N,OCC(=O)CO,438,Dihydroxyacetone,-451.8354526232649,90.07799999999999
SRBFZHDQGSBBOR-HWQSCIPKSA-N,O[C@H]1COC(O)[C@H](O)[C@H]1O,439,L-Arabinose,-761.9274655196326,150.13
HLKXYZVTANABHZ-REOHCLBHSA-L,NC(=O)N[C@@H](CC([O-])=O)C([O-])=O,443,N-Carbamoyl-L-aspartate,-811.0494333174214,174.113
FBPFZTCFMRRESA-JGWLITMVSA-N,OC[C@H](O)[C@@H](O)[C@H](O)[C@H](O)CO,447,D-Sorbitol,-945.1466068232114,182.172
QWBAFPFNGRFSFB-UHFFFAOYSA-M,OC(C=O)C([O-])=O,453,2 Hydroxy 3 oxopropanoate,-615.7433018002394,103.054
WVMWZWGZRAXUBK-SYTVJDICSA-M,O[C@@H]1C[C@@](O)(CC(=O)[C@H]1O)C([O-])=O,456,3-Dehydroquinate,-983.1308243120782,189.144
KDTSHFARGAKYJN-IBOSZNHHSA-L,CC(C)(COP([O-])(=O)OP([O-])(=O)OC[C@H]1O[C@H]([C@H](O)[C@@H]1O)N1C=NC2=C(N)N=CN=C12)[C@@H](O)C(=O)NCCC(=O)NCCS,459,Dephospho-CoA,-2272.8808340548785,685.54
NWZYYCVIOKVTII-SFOWXEAESA-M,NC(=O)N[C@@H](O)C([O-])=O,467,(-)-Ureidoglycolate,-678.3638366581456,133.084
PCXDJQZLDDHMGX-UHFFFAOYSA-O,[NH3+]CCC=O,470,3 Aminopropanal,-152.4521127021501,74.102
JPXZQMKKFWMMGK-KQYNXXCUSA-K,O[C@@H]1[C@@H](COP([O-])(=O)OP(O)([O-])=O)O[C@H]([C@@H]1O)N1C=NC2=C1N=CNC2=O,472,IDP,-2198.833249863324,425.164
WLJVXDMOQOGPHL-UHFFFAOYSA-M,[O-]C(=O)CC1=CC=CC=C1,474,Phenylacetic acid,-204.35030104355266,135.143
OIVLITBTBDPEFK-UHFFFAOYSA-N,O=C1CCNC(=O)N1,482,"5,6-dihydrouracil",-259.5482129856321,114.104
XFVULMDJZXYMSG-ZIYNGMLESA-L,NC1=C([NH+]=CN1[C@@H]1O[C@H](COP([O-])([O-])=O)[C@@H](O)[C@H]1O)C([O-])=O,483,5-amino-1-(5-phospho-D-ribosyl)imidazole-4-carboxylate,-1517.6579463251192,337.18199999999996
NBSCHQHZLSJFNQ-VFUOTHLCSA-L,O[C@@H]1O[C@H](COP([O-])([O-])=O)[C@@H](O)[C@H](O)[C@H]1O,484,Beta D glucose 6 phosphate,-1757.0399557845617,258.12
HEBKCHPVOIAQTA-SCDXWVJYSA-N,OC[C@H](O)[C@@H](O)[C@H](O)CO,486,Xylitol,-783.9043150296011,152.14600000000002
MEANFMOQMXYMCT-OLZOCXBDSA-M,NC1=NC(=O)C2=C(NC[C@@H]3C[N+](=CN23)C2=CC=C(C=C2)C(=O)N[C@@H](CCC([O-])=O)C([O-])=O)N1,487,"5,10-Methenyltetrahydrofolate",-730.7745604272212,454.42400000000004
SJZRECIVHVDYJC-UHFFFAOYSA-M,OCCCC([O-])=O,489,Gamma-hydroxybutyrate,-482.85335702465386,103.098
KYOBSHFOBAOFBF-XVFCMESISA-K,O[C@H]1[C@@H](O)[C@@H](O[C@@H]1COP([O-])([O-])=O)N1C(=O)NC(=O)C=C1C([O-])=O,493,Orotidine 5'-phosphate,-1889.8137063131019,365.168
IXPYGZIWHPPILV-NALJQGANSA-J,C[C@H](OP([O-])(=O)OC[C@@H](O)[C@@H](O)[C@@H](O)CN1C2=C(CC3=C1C=C(O)C=C3)C(=O)NC(=O)N2)C(=O)N[C@@H](CCC(=O)N[C@@H](CCC([O-])=O)C([O-])=O)C([O-])=O,494,"1,5-dihydrocoenzyme F420",-2604.6667069161645,771.584
RMHHUKGVZFVHED-UHFFFAOYSA-L,OC(C([O-])=O)C(=O)C([O-])=O,497,Oxaloglycolate,-952.1814423770294,146.055
GMKMEZVLHJARHF-SYDPRGILSA-N,[NH3+][C@@H](CCC[C@@H]([NH3+])C([O-])=O)C([O-])=O,503,"Meso-2,6-Diaminoheptanedioate",-688.0394418652103,190.199
LFLUCDOSQPJJBE-UHFFFAOYSA-K,[O-]C(=O)C(=O)COP([O-])([O-])=O,514,3-Phosphohydroxypyruvate,-1454.2878818725235,181.017
SRBFZHDQGSBBOR-ZRMNMSDTSA-N,O[C@@H]1COC(O)[C@@H](O)[C@@H]1O,516,D Arabinose,-745.6492437540669,150.13
LTFMZDNNPPEQNG-KVQBGUIXSA-L,NC1=NC2=C(N=CN2[C@H]2C[C@H](O)[C@@H](COP([O-])([O-])=O)O2)C(=O)N1,518,DGMP,-1373.7319865800835,345.209
NHZMQXZHNVQTQA-UHFFFAOYSA-O,CC1=NC=C(CO)C(C[NH3+])=C1O,520,Pyridoxamine,-223.56834240693536,169.203
KDZOASGQNOPSCU-WDSKDSINSA-M,[NH3+][C@@H](CCCNC(=[NH2+])N[C@@H](CC([O-])=O)C([O-])=O)C([O-])=O,522,(2S)-2-{3-[(4S)-4-amino-4-carboxybutyl]carbamimidamido}butanedioic acid,-907.994925229864,289.269
WFPZSXYXPSUOPY-ROYWQJLOSA-L,NC1=C2N=CN([C@@H]3O[C@H](COP([O-])(=O)OP([O-])(=O)O[C@H]4O[C@H](CO)[C@@H](O)[C@H](O)[C@H]4O)[C@@H](O)[C@H]3O)C2=NC=N1,532,ADPglucose,-2608.2093230558858,587.3290000000001
WVDDGKGOMKODPV-UHFFFAOYSA-N,OCC1=CC=CC=C1,533,Benzyl alcohol,-33.959116735632264,108.14
SXMOKYXNAPLNCW-GORZOVPNSA-J,CC(C)(COP([O-])(=O)OP([O-])(=O)OC[C@H]1O[C@H]([C@H](O)[C@@H]1OP([O-])([O-])=O)N1C=NC2=C(N)N=CN=C12)[C@@H](O)C(=O)NCCC(=O)NCCSC=O,534,Formyl-CoA,-3236.769802201917,791.51
OFBHPPMPBOJXRT-DPXQIYNJSA-J,O[C@@H]1[C@@H](COP([O-])([O-])=O)O[C@H]([C@@H]1O)N1C=NC2=C(NC(CC([O-])=O)C([O-])=O)N=CN=C12,536,"N6-(1,2-Dicarboxyethyl)-AMP",-1638.4971387418184,459.26599999999996
OKZYCXHTTZZYSK-ZCFIWIBFSA-K,C[C@@](O)(CCOP([O-])([O-])=O)CC([O-])=O,537,R 5 Phosphomevalonate,-1488.5331261229376,225.114
CGSJXLIKVBJVRY-XTGBIJOFSA-N,C[C@H](CCC=C(C)C)[C@H]1CC[C@H]2C3=C(CC[C@]12C)[C@@]1(C)CC[C@H](O)C[C@@H]1CC3,544,Zymosterol,-588.3574571947171,384.648
COJBGNAUUSNXHX-UHFFFAOYSA-M,NC(=O)CCC(=O)C([O-])=O,545,2-oxoglutaramate,-634.8701726270068,144.107
,[O-][N+]#N,549,Nitrous oxide,104.20000000000017,44.013000000000005
VBUYCZFBVCCYFD-JJYYJPOSSA-M,OC[C@@H](O)[C@@H](O)[C@H](O)C(=O)C([O-])=O,552,2-Dehydro-D-gluconate,-1092.6653597973134,193.132
NUCLJNSWZCHRKL-UHFFFAOYSA-M,NC(=O)NC(NC(N)=O)C([O-])=O,554,Allantoate,-641.8767890422673,175.125
BPMFZUMJYQTVII-UHFFFAOYSA-N,NC(=[NH2+])NCC([O-])=O,557,BPMFZUMJYQTVII-UHFFFAOYSA-M,-310.3036866601178,117.10799999999999
OTOIIPJYVQJATP-BYPYZUCNSA-M,CC(C)(CO)[C@@H](O)C([O-])=O,563,(R)-Pantoate,-636.8396663630741,147.151
ZAQJHHRNXZUBTE-WUJLRWPWSA-N,OC[C@@H](O)[C@H](O)C(=O)CO,567,D-Xylulose,-746.463856899325,150.13
JXOHGGNKMLTUBP-HSUXUTPPSA-M,O[C@@H]1CC(=C[C@@H](O)[C@H]1O)C([O-])=O,572,Shikimate,-777.8274027776741,173.145
NAQGHJTUZRHGAC-ZZZDFHIKSA-J,NC1=C(N=CN1[C@@H]1O[C@H](COP([O-])([O-])=O)[C@@H](O)[C@H]1O)C(=O)N[C@@H](CC([O-])=O)C([O-])=O,577,(S)-2-[5-Amino-1-(5-phospho-D-ribosyl)imidazole-4-carboxamido]succinate,-1961.9817273476617,450.255
MZFOKIKEPGUZEN-AGCMQPJKSA-I,C[C@H](C([O-])=O)C(=O)SCCNC(=O)CCNC(=O)[C@H](O)C(C)(C)COP([O-])(=O)OP([O-])(=O)OC[C@H]1O[C@H]([C@H](O)[C@@H]1OP([O-])([O-])=O)N1C=NC2=C(N)N=CN=C12,578,(R)-Methylmalonyl-CoA,-3534.0146622134325,862.57
SLWWJZMPHJJOPH-PHDIDXHHSA-M,O[C@@H]1C=C(CC(=O)[C@H]1O)C([O-])=O,581,3-Dehydroshikimate,-750.2844404772171,171.12900000000002
FBPFZTCFMRRESA-KVTDHHQDSA-N,OC[C@@H](O)[C@@H](O)[C@H](O)[C@H](O)CO,585,D-Mannitol,-943.473536991501,182.172
OVBPIULPVIDEAO-LBPRGKRZSA-L,NC1=NC2=NC=C(CNC3=CC=C(C=C3)C(=O)N[C@@H](CCC([O-])=O)C([O-])=O)N=C2C(=O)N1,587,Folate,-723.857027335821,439.389
QVXMZFTWJVBUHP-IBOSZNHHSA-I,CC(C)(COP([O-])(=O)OP([O-])(=O)OC[C@H]1O[C@H]([C@H](O)[C@@H]1OP([O-])([O-])=O)N1C=NC2=C(N)N=CN=C12)[C@@H](O)C(=O)NCCC(=O)NCCSC(=O)C([O-])=O,588,Oxalyl-CoA,-3548.7667065732353,834.52
MUPFEKGTMRGPLJ-ZQSKZDJDSA-N,OC[C@H]1O[C@@](CO)(O[C@H]2O[C@H](CO[C@H]3O[C@H](CO)[C@H](O)[C@H](O)[C@H]3O)[C@@H](O)[C@H](O)[C@H]2O)[C@@H](O)[C@@H]1O,590,Raffinose,-2240.747714110893,504.43800000000005
OLXZPDWKRNYJJZ-RRKCRQDMSA-N,NC1=C2N=CN([C@H]3C[C@H](O)[C@@H](CO)O3)C2=NC=N1,594,Deoxyadenosine,-28.840579683346732,251.24599999999998
GMKMEZVLHJARHF-WHFBIAKZSA-N,[NH3+][C@@H](CCC[C@H]([NH3+])C([O-])=O)C([O-])=O,612,"LL-2,6-Diaminoheptanedioate",-686.3851619981778,190.199
OVPRPPOVAXRCED-WVZVXSGGSA-K,O[C@H](COP([O-])([O-])=O)[C@@H](O)CC(=O)C([O-])=O,617,2-Dehydro-3-deoxy-D-gluconate 6-phosphate,-1770.1252586809383,255.09599999999998
JLVVSXFLKOJNIY-UHFFFAOYSA-N,[Mg++],621,Magnesium,-455.261234398201,24.304000000000002
SHZGCJCMOBCMKK-DHVFOXMCSA-N,C[C@@H]1OC(O)[C@@H](O)[C@H](O)[C@@H]1O,626,L-Fucose,-759.3689976755621,164.157
HZSAJDVWZRBGIF-UHFFFAOYSA-M,CC1=C(CCOP([O-])([O-])=O)SC=[N+]1CC1=C[NH+]=C(C)N=C1N,629,Thiamin monophosphate,-652.063884367949,343.32
WHBMMWSBFZVSSR-GSVOUGTGSA-M,C[C@@H](O)CC([O-])=O,630,(R)-3-Hydroxybutanoate,-518.2321196942279,103.098
ROWKJAVDOGWPAT-GSVOUGTGSA-N,C[C@@H](O)C(C)=O,631,R Acetoin,-294.47552314480504,88.10600000000001
GBMIGEWJAPFSQI-CAFBYHECSA-K,C[C@@H]1[C@H]2[C@H](C)NC3=C(N2CN1C1=CC=C(C[C@H](O)[C@H](O)[C@H](O)CO[C@H]2O[C@H](COP([O-])(=O)O[C@@H](CCC([O-])=O)C([O-])=O)[C@@H](O)[C@H]2O)C=C1)C(=O)N=C(N)N3,634,"1-{4-[(6S,6aR,7R)-3-amino-6,7-dimethyl-1-oxo-1,2,5,6,6a,7-hexahydroimidazo[1,5-f]pteridin-8(9H)-yl]phenyl}-1-deoxy-5-O-(5-O-{[(1S)-1,3-dicarboxypropoxy](hydroxy)phosphoryl}-alpha-D-ribofuranosyl)-D-ribitol",-2275.027037883177,785.678
SCBIBGUJSMHIAI-LHIIQLEZSA-K,C[C@@H](NC1=CC=C(C[C@H](O)[C@H](O)[C@H](O)CO[C@H]2O[C@H](COP([O-])(=O)O[C@@H](CCC([O-])=O)C([O-])=O)[C@@H](O)[C@H]2O)C=C1)[C@@H]1NC2=C(N[C@H]1C)NC(N)=NC2=O,635,"5,6,7,8-tetrahydromethanopterin",-2353.126958489461,773.6669999999999
HXEACLLIILLPRG-YFKPBYRVSA-N,[O-]C(=O)[C@@H]1CCCC[NH2+]1,649,L-Pipecolate,-319.0572288562569,129.159
ZAQJHHRNXZUBTE-UCORVYFPSA-N,OC[C@H](O)[C@H](O)C(=O)CO,650,L-Ribulose,-757.0307396584896,150.13
UBORTCNDUKBEOP-UUOKFMHZSA-N,OC[C@H]1O[C@H]([C@H](O)[C@@H]1O)N1C=NC2=C1NC(=O)NC2=O,652,Xanthosine,-616.8671205775197,284.228
SIGQQUBJQXSAMW-ZCFIWIBFSA-J,C[C@@](O)(CCOP([O-])(=O)OP(O)([O-])=O)CC([O-])=O,654,R 5 Diphosphomevalonate,-2398.404300658427,304.086
MTCFGRXMJLQNBG-UWTATZPHSA-N,[NH3+][C@H](CO)C([O-])=O,658,D-Serine,-522.8178875336148,105.09299999999999
LOIYMIARKYCTBW-OWOJBTEDSA-M,[O-]C(=O)C=CC1=CNC=N1,664,Urocanate,-85.70924690589742,137.119
VNWKTOKETHGBQD-UHFFFAOYSA-N,C,675,Methane,-34.377249259199125,16.043
NFOYYXQAVVYWKV-HDRQGHTBSA-J,CCCC(=O)CC(=O)SCCNC(=O)CCNC(=O)[C@H](O)C(C)(C)COP([O-])(=O)OP([O-])(=O)OC[C@H]1O[C@H]([C@H](O)[C@@H]1OP([O-])([O-])=O)N1C=NC2=C(N)N=CN=C12,677,3-Oxohexanoyl-CoA,-3319.531274273397,875.63
,N#N,684,Nitrogen,18.700000000000067,28.014
RFMMMVDNIPUKGG-YFKPBYRVSA-L,CC(=O)N[C@@H](CCC([O-])=O)C([O-])=O,689,N-Acetyl-L-glutamate,-811.967948384591,187.15200000000002
KXDHJXZQYSOELW-UHFFFAOYSA-M,NC([O-])=O,701,Carbamate,-376.7573468901097,60.033
IAZDPXIOMUYVGZ-UHFFFAOYSA-N,CS(C)=O,703,Dimethyl sulfoxide,38.4929365391729,78.13
OINXHIBNZUUIMR-IXUYQXAASA-J,CCCC=CC(=O)SCCNC(=O)CCNC(=O)[C@H](O)C(C)(C)COP([O-])(=O)OP([O-])(=O)OC[C@H]1O[C@H]([C@H](O)[C@@H]1OP([O-])([O-])=O)N1C=NC2=C(N)N=CN=C12,708,Trans-Hex-2-enoyl-CoA,-3119.177356198358,859.63
VAAHKRMGOFIORX-IKTBLOROSA-J,CCC[C@H](O)CC(=O)SCCNC(=O)CCNC(=O)[C@H](O)C(C)(C)COP([O-])(=O)OP([O-])(=O)OC[C@H]1O[C@H]([C@H](O)[C@@H]1OP([O-])([O-])=O)N1C=NC2=C(N)N=CN=C12,711,(S)-3-Hydroxyhexanoyl-CoA,-3358.343925185071,877.65
,[S-]C#N,715,Thiocyanate,51.86537908565202,58.08
XOMRRQXKHMYMOC-OAQYLSRUSA-N,CCCCCCCCCCCCCCCC(=O)O[C@H](CC([O-])=O)C[N+](C)(C)C,739,(3R)-3-(hexadecanoyloxy)-4-(trimethylazaniumyl)butanoate,-499.3833255912171,399.616
OIPILFWXSMYKGL-UHFFFAOYSA-N,CC(=O)OCC[N+](C)(C)C,745,Ach,-287.2104435046269,146.209
ROSDSFDQCJNGOL-UHFFFAOYSA-O,C[NH2+]C,748,Dimethylamine,-3.3440589996570873,46.092
NTGWPRCCOQCMGE-YUMQZZPRSA-L,O[C@@H]1[C@@H](OC(=C)C([O-])=O)C=CC=C1C([O-])=O,751,Isochorismate,-770.9689612212683,224.169
JSJWCHRYRHKBBW-UHFFFAOYSA-M,NC(=O)NCCC([O-])=O,754,N-Carbamoyl-beta-alanine,-464.4581923372727,131.112
YEMKIGUKNDOZEG-UHFFFAOYSA-M,OP([O-])(=O)CC=O,755,Phosphonoacetaldehyde,-963.3249334691915,123.024
GTZCVFVGUGFEME-IWQZZHSRSA-K,[O-]C(=O)C\C(=C\C([O-])=O)C([O-])=O,764,Cis-Aconitate,-915.7680914427044,171.08599999999998
JRLGPAXAGHMNOL-LURJTMIESA-N,CC(=O)N[C@@H](CCC[NH3+])C([O-])=O,767,N2-Acetyl-L-ornithine,-487.636414980273,174.2
PKEPPDGGTSZLBL-SKCNUYALSA-N,C[C@H](CCC=C(C)C)[C@H]1CC[C@H]2C3=CC[C@H]4C[C@@H](O)CC[C@]4(C)[C@H]3CC[C@]12C,779,"(3beta,5alpha)-cholesta-7,24-dien-3-ol",-581.5556920229346,384.648
JHIVVAPYMSGYDF-UHFFFAOYSA-N,O=C1CCCCC1,784,CYCLOHEXANONE,-120.7864453922328,98.145
HXXFSFRBOHSIMQ-QTVWNMPRSA-L,OC[C@H]1OC(OP([O-])([O-])=O)[C@@H](O)[C@@H](O)[C@@H]1O,785,D-Mannose 1-phosphate,-1755.613212726506,258.12
AWQIYVPBMVSGCL-PHDIDXHHSA-N,OCC(=O)[C@@H](O)[C@H](O)C(=O)CO,799,5-Dehydro-D-fructose,-877.843292387459,178.14
DKZBBWMURDFHNE-NSCUHMNNSA-N,COC1=C(O)C=CC(C=CC=O)=C1,802,Coniferyl aldehyde,-305.9547089117366,178.187
DQQDLYVHOTZLOR-OKQNPRBNSA-L,O[C@H]1[C@@H](O)[C@@H](O[C@@H]1COP([O-])(=O)OP([O-])(=O)OC1OC[C@H](O)[C@H](O)[C@H]1O)N1C=CC(=O)NC1=O,806,UDP-L-arabinose,-2990.4862347967146,534.261
NQEQTYPJSIEPHW-MNOVXSKESA-L,O[C@H](COP([O-])([O-])=O)[C@@H](O)C1=CNC2=CC=CC=C12,807,C'-(3-Indolyl)-glycerol 3-phosphate,-1086.7311319078033,285.193
ALRHLSYJTWAHJZ-UHFFFAOYSA-M,OCCC([O-])=O,812,3-Hydroxypropanoate,-518.4098284312221,89.071
VCWMRQDBPZKXKG-DXNLKLAMSA-N,OC[C@H]1O[C@H](O[C@H]2[C@@H](O)[C@@H](O)[C@H](O)[C@@H](O)[C@@H]2O)[C@H](O)[C@@H](O)[C@H]1O,817,1 alpha D Galactosyl myo inositol,-1655.9369295392416,342.29699999999997
JMFRWRFFLBVWSI-NSCUHMNNSA-N,COC1=C(O)C=CC(C=CCO)=C1,819,Coniferol,-334.0700552596163,180.203
WXSKVKPSMAHCSG-UHFFFAOYSA-L,OC(CC(=O)C([O-])=O)C([O-])=O,831,4 Hydroxy 2 oxoglutarate,-955.037752863305,160.082
FNZLKVNUWIIPSJ-CRCLSJGQSA-L,OCC(=O)[C@@H](O)[C@@H](O)COP([O-])([O-])=O,837,L-Ribulose 5-phosphate,-1598.73353871127,228.09400000000002
GEJXSVNGWOSZPC-UHFFFAOYSA-N,[O-]C(=O)C1=[NH+]CCCC1,845,Delta1-Piperideine-2-carboxylate,-279.172015197229,127.14299999999999
YCWUVLPMLLBDCU-STQMWFEESA-L,NC1=NC(=O)C2=C(NC[C@H](CNC3=CC=C(C=C3)C(=O)N[C@@H](CCC([O-])=O)C([O-])=O)N2C=N)N1,848,5forthf,-698.4628764451917,470.44699999999995
VYGQUTWHTHXGQB-FFHKNEKCSA-N,CCCCCCCCCCCCCCCC(=O)OC\C=C(/C)\C=C\C=C(/C)\C=C\C1=C(C)CCCC1(C)C,851,All-trans-Retinyl palmitate,193.6054842732674,524.874
LEVWYRKDKASIDU-IMJSIDKUSA-N,[NH3+][C@@H](CSSC[C@H]([NH3+])C([O-])=O)C([O-])=O,859,L Cystine,-666.5450959327209,240.29
VGONTNSXDCQUGY-RRKCRQDMSA-N,OC[C@H]1O[C@H](C[C@@H]1O)N1C=NC2=C1N=CNC2=O,866,Deoxyinosine,-246.82207142565693,252.23
RXMWXENJQAINCC-DMTCNVIQSA-M,OCC(=O)[C@@H](O)[C@H](O)C(=O)C([O-])=O,867,"2,5-diketo-D-gluconate",-1047.4200302378654,191.11599999999999
RHTAIKJZSXNELN-UHFFFAOYSA-N,[O-]C(=O)C1=[NH+]CCC1,886,1-pyrroline-2-carboxylate,-262.3952334636431,113.116
PKVVTUWHANFMQC-UHFFFAOYSA-M,CC(C)(CO)C(=O)C([O-])=O,888,2-Dehydropantoate,-599.8654081927042,145.135
OCYMERZCMYJQQO-UHFFFAOYSA-L,CC1=C(CCOP([O-])([O-])=O)SC=N1,889,4-Methyl-5-(2-phosphoethyl)-thiazole,-900.41441518484,221.17
YMJBYRVFGYXULK-QZABAPFNSA-M,[NH3+][C@@H]1[C@@H](O)[C@H](O)[C@@H](CO)O[C@@H]1OP([O-])([O-])=O,897,D-Glucosamine 1-phosphate,-1605.975718530428,258.143
KDXKERNSBIXSRK-RXMQYKEDSA-O,[NH3+]CCCC[C@@H]([NH3+])C([O-])=O,903,D-Lysine,-360.381401718587,147.197
VGGSQFUCUMXWEO-UHFFFAOYSA-N,C=C,905,Aethen,81.42275074080848,28.054000000000002
VPVOXUSPXFPWBN-UHFFFAOYSA-N,CC(O)C(=O)C1=NC2=C(NC1)N=C(N)NC2=O,928,"1-(2-amino-7,8-dihydro-4-hydroxypteridine-6-yl)-2-hydroxypropan-1-one",-443.11168698074204,237.21900000000002
ZTQSAGDEMFDKMZ-UHFFFAOYSA-N,CCCC=O,940,Butanal,-130.04948536454407,72.107
HEBKCHPVOIAQTA-QWWZWVQMSA-N,OC[C@@H](O)C(O)[C@H](O)CO,941,D-Arabitol,-776.048814062658,152.14600000000002
FCCDDURTIIUXBY-SSDOTTSWSA-N,NC(=O)CCCC[C@@H]1CCSS1,947,Lipoamide,-87.24799740569478,205.33
RDHQFKQIGNGIED-MRVPVSSYSA-N,CC(=O)O[C@H](CC([O-])=O)C[N+](C)(C)C,951,O Acetylcarnitine,-606.1005370064581,203.238
FEWJPZIEWOKRBE-XIXRPRMCSA-L,O[C@@H]([C@@H](O)C([O-])=O)C([O-])=O,954,Meso Tartaric acid,-1009.8759224581793,148.071
QHHKKMYHDBRONY-WZZMXTMRSA-J,C[C@@H](O)CC(=O)SCCNC(=O)CCNC(=O)[C@H](O)C(C)(C)COP([O-])(=O)OP([O-])(=O)OC[C@H]1O[C@H]([C@H](O)[C@@H]1OP([O-])([O-])=O)N1C=NC2=C(N)N=CN=C12,978,(3R)-3-Hydroxybutanoyl-CoA,-3381.493774362101,849.59
KBDKAJNTYKVSEK-PYHARJCCSA-L,OC[C@H]1OC(C[C@@H]1O)OP([O-])([O-])=O,983,2-Deoxy-D-ribose 1-phosphate,-1422.7069133834038,212.095
HDYANYHVCAPMJV-GXNRKQDOSA-K,O[C@H]1[C@@H](O)[C@@H](O[C@@H]1COP([O-])(=O)OP([O-])(=O)O[C@H]1O[C@@H]([C@H](O)[C@H](O)[C@H]1O)C([O-])=O)N1C=CC(=O)NC1=O,1011,UDPgalacturonate,-3321.447144883091,577.262
HPEKPJGPWNSAAV-UHFFFAOYSA-M,[O-]C(=O)CC1OC(=O)C=C1,1023,Mucolactone,-553.6274454820491,141.10299999999998
JLEBZPBDRKPWTD-TURQNECASA-O,NC(=O)C1=C[N+](=CC=C1)[C@@H]1O[C@H](CO)[C@@H](O)[C@H]1O,1032,N Ribosylnicotinamide,-548.4616418657696,255.24900000000002
DNIAPMSPPWPWGF-UHFFFAOYSA-N,CC(O)CO,1033,"1,2-Propanediol",-337.9929175423663,76.095
PCMORTLOPMLEFB-ONEGZZNKSA-M,COC1=CC(C=CC([O-])=O)=CC(OC)=C1O,1035,"(2E)-3-(4-hydroxy-3,5-dimethoxyphenyl)prop-2-enoic acid",-709.724915903086,223.205
AGQJQCFEPUVXNK-UHFFFAOYSA-K,CC1=[NH+]C=C(COP([O-])(=O)OP([O-])([O-])=O)C(N)=N1,1049,2-Methyl-4-amino-5-hydroxymethylpyrimidine diphosphate,-1656.6876502647483,296.093
GUBGYTABKSRVRQ-QRZGKKJRSA-N,OC[C@H]1O[C@@H](O[C@H]2[C@H](O)[C@@H](O)[C@H](O)O[C@@H]2CO)[C@H](O)[C@@H](O)[C@@H]1O,1056,Cellobiose,-1579.9971377625927,342.29699999999997
TXXHDPDFNKHHGW-CCAGOZQPSA-L,[O-]C(=O)\C=C/C=C\C([O-])=O,1058,"Cis,cis-Muconate",-499.3704869480411,140.095
AHLPHDHHMVZTML-SCSAIBSYSA-O,[NH3+]CCC[C@@H]([NH3+])C([O-])=O,1062,Orn D,-372.53576087965644,133.17
SHZGCJCMOBCMKK-JFNONXLTSA-N,C[C@@H]1OC(O)[C@H](O)[C@H](O)[C@H]1O,1065,L-Rhamnose,-756.7059687939567,164.157
IXZNKTPIYKDIGG-REOHCLBHSA-L,[NH3+][C@@H](CC(=O)OP([O-])([O-])=O)C([O-])=O,1088,4-Phospho-L-aspartate,-1547.219615090224,211.067
PPQRONHOSHZGFQ-WDCZJNDASA-L,O[C@H](COP([O-])([O-])=O)[C@@H](O)[C@H](O)C=O,1095,D-Arabinose 5-phosphate,-1598.2879879413933,228.09400000000002
,N=C=O,1101,Cyanate,-138.9443123147962,42.018
XSTXAVWGXDQKEL-UHFFFAOYSA-N,ClC=C(Cl)Cl,1107,"1,1,2-trichloroethene",25.455687685200665,131.38
UQIGQRSJIKIPKZ-GSVOUGTGSA-M,OC[C@H](O)CC(=O)C([O-])=O,1116,2-Dehydro-3-deoxy-L-arabinonate,-780.9893565471606,147.107
CHDDAVCOAOFSLD-UHFFFAOYSA-L,OP([O-])(=O)CC(=O)C([O-])=O,1122,3-Phosphonopyruvate,-1295.675900176737,166.02599999999998
FBPFZTCFMRRESA-GUCUJZIJSA-N,OC[C@H](O)[C@@H](O)[C@@H](O)[C@H](O)CO,1138,Galactitol,-944.3792698558336,182.172
XFTRTWQBIOMVPK-YFKPBYRVSA-L,C[C@](O)(CC([O-])=O)C([O-])=O,1141,(2S)-2-Hydroxy-2-methylbutanedioate,-837.2153910343363,146.099
VZCYOOQTPOCHFL-UPHRSURJSA-L,[O-]C(=O)\C=C/C([O-])=O,1144,Maleate,-592.014922927447,114.057
HNEGQIOMVPPMNR-NSCUHMNNSA-L,C\C(=C/C([O-])=O)C([O-])=O,1145,(2E)-2-methylbut-2-enedioic acid,-595.855603659158,128.084
VDYDCVUWILIYQF-CSMHCCOUSA-M,C[C@@H](O)C(=O)SC[C@H](NC(=O)CC[C@H]([NH3+])C([O-])=O)C(=O)NCC([O-])=O,1155,(R)-S-Lactoylglutathione,-1222.9974194954589,378.38
VLYUGYAKYZETRF-SSDOTTSWSA-N,NC(=O)CCCC[C@@H](S)CCS,1174,Dihydrolipoamide,-109.81914143384917,207.35
ZAQJHHRNXZUBTE-WVZVXSGGSA-N,OC[C@H](O)[C@@H](O)C(=O)CO,1179,L-Xylulose,-746.8645032325114,150.13
XRKBRPFTFKKHEF-DGDBGZAXSA-N,COC1=CC(C=CC(=O)O[C@@H]2O[C@H](CO)[C@@H](O)[C@H](O)[C@H]2O)=CC(OC)=C1O,1197,"(2E)-3-(4-hydroxy-3,5-dimethoxyphenyl)prop-2-enoyl beta-D-glucopyranoside",-1397.6265004261013,386.353
YSYKRGRSMLTJNL-URARBOGNSA-L,CC1=CN([C@H]2C[C@H](O)[C@@H](COP([O-])(=O)OP([O-])(=O)O[C@H]3O[C@H](CO)[C@@H](O)[C@H](O)[C@H]3O)O2)C(=O)NC1=O,1256,DTDPglucose,-2975.965452207049,562.315
BJHIKXHVCXFQLS-UYFOZJQFSA-N,OC[C@@H](O)[C@@H](O)[C@H](O)C(=O)CO,1260,D-Fructose,-915.5829775854537,180.15599999999998
XFTRTWQBIOMVPK-RXMQYKEDSA-L,C[C@@](O)(CC([O-])=O)C([O-])=O,1290,(2R)-2-Hydroxy-2-methylbutanedioate,-846.0667241126401,146.099
IZSRJDGCGRAUAR-WDCZJNDASA-M,OCC(=O)[C@@H](O)[C@@H](O)[C@H](O)C([O-])=O,1292,D-Tagaturonate,-1090.2026647488392,193.132
MVMSCBBUIHUTGJ-JGQUBWHWSA-L,NC1=NC2=C(N=CN2[C@@H]2O[C@H](COP([O-])(=O)OP([O-])(=O)O[C@H]3O[C@@H](CO)[C@@H](O)[C@@H](O)[C@@H]3O)[C@@H](O)[C@H]2O)C(=O)N1,1294,GDP-L-galactose,-3113.7484043827026,603.328
OAKJQQAXSVQMHS-UHFFFAOYSA-N,NN,1296,H2NNH2,127.98427697050933,32.046
DLRVVLDZNNYCBX-ABXHMFFYSA-N,OC[C@H]1O[C@H](OC[C@H]2OC(O)[C@H](O)[C@@H](O)[C@@H]2O)[C@H](O)[C@@H](O)[C@H]1O,1300,D Gal alpha 1 6D Glucose,-1575.019263696887,342.29699999999997
LXRUAYBIUSUULX-HRFVKAFMSA-M,C[C@@H]([C@H]([NH3+])C([O-])=O)C([O-])=O,1308,"(2S,3S)-2-amino-3-methylbutanedioate",-685.4967498909411,146.123
PCEJMSIIDXUDSN-IUYQGCFVSA-O,C[C@H]([NH3+])C[C@@H]([NH3+])C([O-])=O,1311,"(2R,4S)-2,4-diaminopentanoate",-365.44222822035795,133.17
YCFFMSOLUMRAMD-UHFFFAOYSA-L,[O-]P([O-])(=O)OCC(=O)CC1=CNC=N1,1320,3-(Imidazol-4-yl)-2-oxopropyl phosphate,-952.9377355331144,218.106
OIUJHGOLFKDBSU-HTQZYQBOSA-M,[NH3+][C@@H]1C=CC(=C[C@H]1OC(=C)C([O-])=O)C([O-])=O,1321,4-amino-4-deoxychorismate,-622.5851234553696,224.19299999999998
XRHGYUZYPHTUJZ-UHFFFAOYSA-M,[O-]C(=O)C1=CC=C(Cl)C=C1,1322,4-chlorobenzoate,-239.46604413293096,155.56
DDRJAANPRJIHGJ-UHFFFAOYSA-N,CN1CC(=O)NC1=N,1332,Creat,-23.310186203593126,113.12
CWNDERHTHMWBSI-YFKPBYRVSA-M,[NH3+][C@H](COP([O-])([O-])=O)CC1=CNC=N1,1341,L-Histidinol phosphate,-846.4786476848283,220.145
GLXUWZBUPATPBR-BQBZGAKWSA-L,[NH3+][C@@H](CCC[C@H](NC(=O)CCC([O-])=O)C([O-])=O)C([O-])=O,1347,"N-Succinyl-LL-2,6-diaminoheptanedioate",-1134.903657887117,288.257
UQZIYBXSHAGNOE-XNSRJBNMSA-N,OC[C@H]1O[C@@](CO)(O[C@H]2O[C@H](CO[C@H]3O[C@H](CO[C@H]4O[C@H](CO)[C@H](O)[C@H](O)[C@H]4O)[C@H](O)[C@H](O)[C@H]3O)[C@@H](O)[C@H](O)[C@H]2O)[C@@H](O)[C@@H]1O,1356,Stachyose,-2911.495973116322,666.579
SDVXSCSNVVZWDD-LURJTMIESA-K,[O-]C(=O)CCC(=O)N[C@@H](CCCC(=O)C([O-])=O)C([O-])=O,1413,N-Succinyl-2-L-amino-6-oxoheptanedioate,-1231.6842238362626,286.218
GUYHPGUANSLONG-SNAWJCMRSA-N,C[N+](C)(C)C\C=C\C([O-])=O,1449,4-(trimethylammonio)but-2-enoate,-228.52405610744486,143.186
BJEPYKJPYRNKOW-UWTATZPHSA-L,O[C@H](CC([O-])=O)C([O-])=O,1450,D-Malate,-849.0795480410894,132.072
HJQWLHMLMCDAEL-ZTGLTYRUSA-I,CC(C)(COP([O-])(=O)OP([O-])(=O)OC[C@H]1O[C@H]([C@H](O)[C@@H]1OP([O-])([O-])=O)N1C=NC2=C(N)N=CN=C12)[C@@H](O)C(=O)NCCC(=O)NCCSC(=O)C[C@H](O)C([O-])=O,1453,(3S)-3-Carboxy-3-hydroxypropanoyl-CoA,-3709.8491044304783,878.57
QUCHWTCTBHQQDU-SCSAIBSYSA-N,CC(=O)C[C@@H]([NH3+])C([O-])=O,1467,(2R)-2-amino-4-oxopentanoate,-474.19839809334144,131.131
YNOWULSFLVIUDH-UHFFFAOYSA-N,C[N+](C)(C)CC(=O)CC([O-])=O,1479,"3-Carboxy-N,N,N-trimethyl-2-oxo-1-propanaminium",-424.0672130916104,159.185
IHXBZDHPKCDGKN-TYHXJLICSA-J,CC(C)(COP([O-])(=O)OP([O-])(=O)OC[C@H]1O[C@H]([C@H](O)[C@@H]1OP([O-])([O-])=O)N1C=NC2=C(N)N=CN=C12)[C@@H](O)C(=O)NCCC(=O)NCCSC(=O)C1=CCCC=C1,1495,"Cyclohexa-1,5-dienecarbonyl-CoA",-3099.7057387424634,869.63
UZYFNQCWJLIAKE-ZMIZWQJLSA-L,OC[C@@H](O)C(=O)[C@H](O)[C@H](O)COP([O-])([O-])=O,1497,6-O-phosphono-D-arabino-hex-3-ulose,-1746.3602681416905,258.12
PTCIWUZVDIQTOW-XDJBDKDSSA-M,OCC1(O)O[C@@H]([C@@H](O)[C@@H]1O)C([O-])=O,1498,D-Fructuronate,-1091.876986042675,193.132
KNYGWWDTPGSEPD-OTWZMJIISA-L,C[C@H](O)[C@@H](O)[C@H](O)C(=O)COP([O-])([O-])=O,1511,L-Rhamnulose 1-phosphate,-1588.8973383549514,242.12099999999998
JPIJQSOTBSSVTP-STHAYSLISA-M,OC[C@H](O)[C@@H](O)C([O-])=O,1513,threonate,-819.3151355389169,135.096
QQVDJLLNRSOCEL-UHFFFAOYSA-N,[NH3+]CCP(O)([O-])=O,1526,2-Aminoethylphosphonate,-866.442739417349,125.064
RWHOZGRAXYWRNX-VFUOTHLCSA-J,O[C@H]1[C@H](O)[C@@H](COP([O-])([O-])=O)O[C@H](OP([O-])([O-])=O)[C@@H]1O,1556,"1,6-di-O-phosphono-alpha-D-glucopyranose",-2595.4527044519696,336.084
NBSCHQHZLSJFNQ-SVZMEOIVSA-L,OC1O[C@H](COP([O-])([O-])=O)[C@H](O)[C@H](O)[C@H]1O,1564,D-Galactose 6-phosphate,-1755.3567108933823,258.12
QZNPNKJXABGCRC-LFRDXLMFSA-N,C[C@H](O)[C@@H](O)[C@@H](O)C(=O)CO,1576,L-Fuculose,-753.9103076201671,164.157
KNYGWWDTPGSEPD-LFRDXLMFSA-L,C[C@H](O)[C@@H](O)[C@@H](O)C(=O)COP([O-])([O-])=O,1577,L-Fuculose 1-phosphate,-1602.2885632476055,242.12099999999998
QZNPNKJXABGCRC-FUTKDDECSA-N,C[C@H](O)[C@H](O)[C@@H](O)C(=O)CO,1578,L-Rhamnulose,-756.5733365017677,164.157
NCYCYZXNIZJOKI-IOUUIBBYSA-N,C/C(/C=C\C=C(/C)\C=C\C1=C(C)CCCC1(C)C)=C\C=O,1611,Retinal 11 cis,312.78025113809844,284.443
CWNNYYIZGGDCHS-UHFFFAOYSA-L,[O-]C(=O)CCC(=C)C([O-])=O,1614,2-Methyleneglutarate,-587.1454005648267,142.111
JGSARLDLIJGVTE-MBNYWOFBSA-M,CC1(C)S[C@@H]2[C@H](NC(=O)CC3=CC=CC=C3)C(=O)N2[C@H]1C([O-])=O,1628,Penicillin G,-449.97732708594884,333.38
CGBYBGVMDAPUIH-ARJAWSKDSA-L,C\C(=C(/C)C([O-])=O)C([O-])=O,1637,"(2Z)-2,3-dimethylbut-2-enedioate",-586.512437185365,142.111
QKEWQOJCHPFEAF-YFKPBYRVSA-O,[NH3+]CCC[C@H]([NH3+])CC([O-])=O,1667,"(3S)-3,6-Diaminohexanoate",-365.00584316998845,147.197
IZFHMLDRUVYBGK-UHFFFAOYSA-L,CC(C([O-])=O)C(=C)C([O-])=O,1682,2-Methylene-3-methylsuccinate,-583.3942039002707,142.111
WWMWAMFHUSTZTA-KQYNXXCUSA-I,NC1=C2N=CN([C@@H]3O[C@H](COP([O-])(=O)OP([O-])(=O)OP([O-])(=O)OP(O)([O-])=O)[C@@H](O)[C@H]3O)C2=NC=N1,1699,Adenosine 5'-tetraphosphate,-3671.671916376416,582.123
PWHULOQIROXLJO-UHFFFAOYSA-N,[Mn],1721,25Mn,5.018727143244278e-12,54.93804300000001
LLKCTZRWBHOKFF-UHFFFAOYSA-N,[O-]C(=O)CNC=[NH2+],1729,Formiminoglycine,-280.21820661490483,102.09299999999999
NGDLSXMSQYUVSJ-WHFBIAKZSA-O,C[C@H]([NH3+])C[C@H]([NH3+])CC([O-])=O,1747,"(3S,5S)-3,5-diaminocaproic acid",-353.91703639190695,147.197
BZHJMEDXRYGGRV-UHFFFAOYSA-N,ClC=C,1786,BZHJMEDXRYGGRV-UHFFFAOYSA-N,59.667063055607045,62.5
OKLGKGPAZUNROU-YUMQZZPRSA-M,[NH3+][C@@H]1[C@@H](OC(=C)C([O-])=O)C=CC=C1C([O-])=O,1816,(2S)-2-Amino-4-deoxychorismate,-623.2028844682613,224.19299999999998
VBUYCZFBVCCYFD-NUNKFHFFSA-M,OC[C@H](O)[C@@H](O)[C@H](O)C(=O)C([O-])=O,1938,2-Dehydro-L-idonic acid,-1095.5399698173078,193.132
ALQNUOMIEBHXQG-CRCLSJGQSA-L,O[C@H](COP([O-])([O-])=O)[C@@H](O)CC=O,1940,2-Deoxy-D-ribose 5-phosphate,-1449.4347043330545,212.095
JYKWMJBUIXNJOG-QEWSFFBISA-I,CC(C)(COP([O-])(=O)OP([O-])(=O)OC[C@H]1O[C@H]([C@H](O)[C@@H]1OP([O-])([O-])=O)N1C=NC2=C(N)N=CN=C12)[C@@H](O)C(=O)NCCC(=O)NCCSSC[C@H](NC(=O)CC[C@H]([NH3+])C([O-])=O)C(=O)NCC([O-])=O,1974,CoA-glutathione,-3993.3336890383816,1067.8
QIGJYVCQYDKYDW-LCOYTZNXSA-N,OC[C@H]1O[C@@H](O[C@@H]2[C@@H](O)C(O)O[C@H](CO)[C@H]2O)[C@H](O)[C@@H](O)[C@@H]1O,1995,Laminaribiose,-1579.1693625155162,342.29699999999997
TZPLBTUUWSVGCY-UHFFFAOYSA-L,OC1=C(I)C=C(CC(=O)C([O-])=O)C=C1I,2037,"(3,5-diiodo-4-hydroxyphenyl)pyruvic acid",-385.0177411002448,429.93699999999995
HNEGQIOMVPPMNR-IHWYPQMZSA-L,C\C(=C\C([O-])=O)C([O-])=O,2089,Citraconate,-598.558980281184,128.084
BSABBBMNWQWLLU-VKHMYHEASA-N,C[C@H](O)C=O,2118,L-Lactaldehyde,-287.76850850605774,74.079
MBLBDJOUHNCFQT-XAMCCFCMSA-N,CC(=O)N[C@@H](C=O)[C@H](O)[C@@H](O)[C@@H](O)CO,2133,N-Acetyl-D-mannosamine,-885.721560394194,221.209
KBPLFHHGFOOTCA-UHFFFAOYSA-N,CCCCCCCCO,2140,1-Octanol,-137.9266262566512,130.231
IAVREABSGIHHMO-UHFFFAOYSA-N,OC1=CC=CC(C=O)=C1,2209,3-Hydroxybenzaldehyde,-207.52221621039138,122.12299999999999
NGHVIOIJCVXTGV-ALEPSDHESA-N,CC1(C)S[C@@H]2[C@H]([NH3+])C(=O)N2[C@H]1C([O-])=O,2221,6 Aminopenicillanate,-480.27692854578413,216.26
NUJGJRNETVAIRJ-UHFFFAOYSA-N,CCCCCCCC=O,2392,Octanal,-95.30278937542843,128.215
OWBTYPJTUOEWEK-QWWZWVQMSA-N,C[C@@H](O)[C@@H](C)O,2433,"(2R,3R)-butane-2,3-diol",-327.75001983362665,90.12200000000001
OKVJCVWFVRATSG-UHFFFAOYSA-N,OCC1=CC(O)=CC=C1,2458,3-(hydroxymethyl)phenol,-234.33115813269407,124.139
WBCJUEJWJADAGR-CRVKRRNDSA-J,CC(C)(COP([O-])(=O)OP([O-])(=O)OC[C@H]1O[C@H]([C@H](O)[C@@H]1OP([O-])([O-])=O)N1C=NC2=C(N)N=CN=C12)[C@@H](O)C(=O)NCCC(=O)NCCSC(=O)C1=CCCCC1O,2463,6-Hydroxycyclohex-1-ene-1-carboxyl-CoA,-3337.842702340543,887.64
PMMYEEVYMWASQN-QWWZWVQMSA-N,O[C@H]1C[NH2+][C@H](C1)C([O-])=O,2482,(4R)-4-hydroxy-D-proline,-502.28208058785555,131.131
FAASBXNEOGMQHS-BYPYZUCNSA-N,C[C@H]([NH3+])CC(=O)CC([O-])=O,2552,(5S)-5-amino-3-oxohexanoic acid,-474.3259768333127,145.158
HPXRVTGHNJAIIH-UHFFFAOYSA-N,OC1CCCCC1,2644,1-Cyclohexanol,-146.84792890974649,100.161
SXZYCXMUPBBULW-AIHAYLRMSA-N,OC[C@@H](O)[C@@H]1OC(=O)[C@H](O)[C@H]1O,2646,"1,4-D-Galactonolactone",-906.1648818957799,178.14
IMXSCCDUAFEIOE-RITPCOANSA-N,C[C@@H]([NH2+][C@@H](CCCNC(N)=[NH2+])C([O-])=O)C([O-])=O,2647,Octopine,-574.6606507432854,246.267
UFAHZIUFPNSHSL-UHFFFAOYSA-N,CCC(=O)OC(CC([O-])=O)C[N+](C)(C)C,2694,3-(propionyloxy)-4-(trimethylammonio)butanoate,-591.2966739200385,217.265
KFZMGEQAYNKOFK-UHFFFAOYSA-N,CC(C)O,2700,2-Propanol,-184.8082014166757,60.096000000000004
CYTYCFOTNPOANT-UHFFFAOYSA-N,ClC(Cl)=C(Cl)Cl,2712,"1,1,2,2-tetrachloroethylene",27.600000000001028,165.82
VZGDMQKNWNREIO-UHFFFAOYSA-N,ClC(Cl)(Cl)Cl,2713,CCl4,-45.10000000000094,153.81
WSLDOOZREJYCGB-UHFFFAOYSA-N,ClCCCl,2736,"1,2-DCE",-72.97724925919431,98.95
VXPBDCBTMSKCKZ-XQHNHVHJSA-M,CCCCCC(=O)C=C[C@H]1[C@H](O)CC(=O)[C@@H]1CCCCCCC([O-])=O,2740,"(13E)-11alpha-Hydroxy-9,15-dioxoprost-13-enoate",-599.5496683989564,351.464
XGILAAMKEQUXLS-UHFFFAOYSA-M,OC(CC1=CNC2=CC=CC=C12)C([O-])=O,2763,2-hydroxy-3-(1H-indol-3-yl)propanoate,-255.1504218563725,204.206
LRHPLDYGYMQRHN-UHFFFAOYSA-N,CCCCO,2816,1-Butanol,-171.6481363018234,74.123
KFUSEUYYWQURPO-UPHRSURJSA-N,Cl\C=C/Cl,2820,"(Z)-1,2-dichloroethene",27.811375370402413,96.94
YMWUJEATGCHHMB-UHFFFAOYSA-N,ClCCl,2844,DCM,-66.08862462959529,84.93
GMVPRGQOIOIIMI-DWKJAMRDSA-M,CCCCC[C@H](O)\C=C\[C@H]1[C@H](O)CC(=O)[C@@H]1CCCCCCC([O-])=O,2912,"(11alpha,13E,15S)-11,15-dihydroxy-9-oxoprost-13-en-1-oic acid",-618.1139068444021,353.48
JKLRIMRKZBSSED-UHFFFAOYSA-N,NC(=[NH2+])NCCS([O-])(=O)=O,2930,2-(carbamimidamido)ethanesulfonic acid,-696.787093493725,167.18
UFLHIIWVXFIJGU-ARJAWSKDSA-N,CC\C=C/CCO,2959,(3Z)-3-Hexen-1-ol,-75.54448158112191,100.161
IKCLCGXPQILATA-UHFFFAOYSA-M,[O-]C(=O)C1=CC=CC=C1Cl,3005,2-chlorobenzoate,-237.86740644454045,155.56
FRIWJYNKZPJVRL-QWWZWVQMSA-M,C[C@@H](O)[C@H](O)CC(=O)C([O-])=O,3006,2-Dehydro-3-deoxy-D-fuconate,-778.2761998224355,161.134
PALQXFMLVVWXFD-KODRXGBYSA-M,OC[C@@H](O)[C@@H](O)[C@H](O)CC([O-])=O,3007,2-Deoxy-D-gluconate,-970.7295572353482,179.149
CNLFCQPCBQQMHK-XINAWCOVSA-M,OC[C@@H](O)[C@@H](O)C(=O)CC([O-])=O,3025,3-Dehydro-2-deoxy-D-gluconate,-924.5201487507738,177.13299999999998
SCSGVVIUUUPOOJ-GSVOUGTGSA-M,OCC(=O)[C@@H](O)C([O-])=O,3026,"(2R)-2,4-dihydroxy-3-oxobutanoic acid",-783.5752809510658,133.08
ODHCTXKNWHHXJC-GSVOUGTGSA-M,[O-]C(=O)[C@H]1CCC(=O)N1,3050,(2R)-5-oxopyrrolidine-2-carboxylic acid,-462.2378354364581,128.108
UQPHVQVXLPRNCX-GSVOUGTGSA-N,OC[C@@H](O)C(=O)CO,3101,"(3R)-1,3,4-trihydroxybutan-2-one",-605.3527892564692,120.104
IZFHEQBZOYJLPK-UHFFFAOYSA-M,[O-]C(=O)CCCCC(S)CCS,3112,Dihydrolipoate,-278.57381939321897,207.33
FBPFZTCFMRRESA-UNTFVMJOSA-N,OC[C@H](O)[C@@H](O)[C@H](O)[C@@H](O)CO,3153,"(2S,3R,4R,5S)-hexane-1,2,3,4,5,6-hexol",-943.4075966787012,182.172
CCTIOCVIZPCTGO-BYPYZUCNSA-M,NC(NCCC[C@H]([NH3+])C([O-])=O)=[NH+]P([O-])([O-])=O,3176,L Arginine phosphate,-1119.09390032178,253.175
JBYXPOFIGCOSSB-GOJKSUSPSA-M,CCCCCC\C=C\C=C/CCCCCCCC([O-])=O,3360,"(9Z,11E)-octadeca-9,11-dienoate",-93.35256206478242,279.445
YMAWOPBAYDPSLA-UHFFFAOYSA-N,[NH3+]CC(=O)NCC([O-])=O,3454,Glycylglycine,-520.5282457321271,132.119
QOYUHKALUMVCHB-BYPYZUCNSA-L,NC(NCCOP([O-])(=O)OC[C@H]([NH3+])C([O-])=O)=[NH+]P([O-])([O-])=O,3507,N-Phospho-L-lombricine,-1848.4433902609617,348.14599999999996
HSHGZXNAXBPPDL-HZGVNTEJSA-N,CC(=O)OCC1=C(N2[C@H](SC1)[C@H]([NH3+])C2=O)C([O-])=O,3617,"(6R,7R)-3-(acetoxymethyl)-7-amino-8-oxo-5-thia-1-azabicyclo[4.2.0]oct-2-ene-2-carboxylic acid",-781.9699203984644,272.28
PBKONEOXTCPAFI-UHFFFAOYSA-N,ClC1=CC(Cl)=C(Cl)C=C1,3644,"1,2,4-Trichlorbenzol",60.467063055605884,181.44
OCJBOOLMMGQPQU-UHFFFAOYSA-N,ClC1=CC=C(Cl)C=C1,3649,"1,4-Dichlorobenzene",78.3227507408068,147.0
RAXXELZNTBOGNW-UHFFFAOYSA-N,N1C=C[NH+]=C1,3684,imidazole,168.04744940682264,68.079
FIOHTMQGSFVHEZ-UHFFFAOYSA-M,CC([NH2+]C(C)C([O-])=O)C([O-])=O,3686,"2,2'-azanediyldipropanoate",-650.2012567100666,160.15
CDUUKBXTEOFITR-UHFFFAOYSA-N,CC([NH3+])(CO)C([O-])=O,3718,(2R)-2-amino-3-hydroxy-2-methylpropanoic acid,-513.6363608695218,119.12
KDVFRMMRZOCFLS-UHFFFAOYSA-M,CCCC(=O)C([O-])=O,3723,2-Oxopentanoate,-460.1301659593687,115.109
ZPJHINFPRQWKIH-UHFFFAOYSA-L,OC(CC1=CC(I)=C(O)C(I)=C1)C([O-])=O,3741,"2-hydroxy-3-(4-hydroxy-3,5-diiodophenyl)propanoic acid",-434.38324471731767,431.95300000000003
LULAYUGMBFYYEX-UHFFFAOYSA-M,[O-]C(=O)C1=CC(Cl)=CC=C1,3747,3-chlorobenzoate,-245.9665343532365,155.559
UGKYJAWJZICPEX-UHFFFAOYSA-M,NC(=O)C(=O)CCC([O-])=O,3789,4-oxoglutaramate,-595.8551327946801,144.107
MVPPADPHJFYWMZ-UHFFFAOYSA-N,ClC1=CC=CC=C1,3909,Benzene chloride,102.27843842600798,112.56
LJCWONGJFPCTTL-SSDOTTSWSA-N,[NH3+][C@@H](C([O-])=O)C1=CC=C(O)C=C1,3930,(2R)-amino(4-hydroxyphenyl)acetic acid,-430.2355104232444,167.16400000000002
TVISEJUYYBUVNV-UHFFFAOYSA-L,[O-]P([O-])(=O)OC=O,3970,TVISEJUYYBUVNV-UHFFFAOYSA-M,-1235.678438806572,123.98899999999999
DQQLZADYSWBCOX-REOHCLBHSA-M,[O-]C(=O)C[C@@H]1NC(=O)NC1=O,4004,DQQLZADYSWBCOX-REOHCLBHSA-N,-613.7964359756223,157.106
QDSLHWJDSQGPEE-WCTZXXKLSA-L,CC(=O)N[C@H](C=O)[C@@H](O)[C@H](O)[C@H](O)COP([O-])([O-])=O,4070,N-Acetyl-D-mannosamine 6-phosphate,-1727.3760510514483,299.173
VIHYIVKEECZGOU-UHFFFAOYSA-N,CC(=O)N1C=CN=C1,4074,1-Acetylimidazole,84.57741757671373,110.116
UTYVDVLMYQPLQB-UHFFFAOYSA-M,[O-]C(=O)CNC(=O)CC1=CC=CC=C1,4131,Phenylacetylglycine,-344.8272950766815,192.195
UUZLOPBEONRDRY-UHFFFAOYSA-L,NC(NP([O-])([O-])=O)N=CC([O-])=O,4136,(N'-phosphonocarbamimidamido)acetic acid,-1096.042506825424,195.072
MVKRISPIRVEPFM-UHFFFAOYSA-N,O=C1NC(=O)C2=C(N1)NC(=O)C(=O)[N-]2,4149,MVKRISPIRVEPFM-UHFFFAOYSA-N,-422.4332161384778,196.122
RAHZWNYVWXNFOC-UHFFFAOYSA-N,O=S=O,4187,Sulfur dioxide,-300.7000000000002,64.06
VRZJGNXBSRQZGM-UHFFFAOYSA-M,[O-]C(=O)C1=NC2=C([O-])[N-]C(=O)NC2=[NH+]1,4225,"2,6-dioxo-2,3,6,7-tetrahydro-1H-purine-8-carboxylate",-392.54934695964226,195.115
LGEQQWMQCRIYKG-DOFZRALJSA-N,CCCCCC=CCC=CCC=CCC=CCCCC(=O)NCCO,4377,Anandamide,118.88534917277045,347.543
HEDRZPFGACZZDS-UHFFFAOYSA-N,ClC(Cl)Cl,4400,"1,1,1-trichloromethane",-66.54431231479967,119.37
NEHMKBQYUWJMIP-UHFFFAOYSA-N,CCl,4401,CH3Cl,-52.732936944397736,50.49
JOYGYOHHMWVUFM-UHFFFAOYSA-L,NC(NCCS([O-])(=O)=O)=[NH+]P([O-])([O-])=O,4521,2-{[imino(phosphonoamino)methyl]amino}ethanesulfonic acid,-1525.9846660552785,245.15
YYLQUHNPNCGKJQ-NCGGTJAESA-M,[NH3+][C@H]([C@H](O)C([O-])=O)C([O-])=O,4620,"(2R,3S)-2-amino-3-hydroxybutanedioic acid",-846.9664102922425,148.095
LGXVIGDEPROXKC-UHFFFAOYSA-N,ClC(Cl)=C,4643,"1,1-DCE",32.21137537040152,96.94
NSTREUWFTAOOKS-UHFFFAOYSA-M,[O-]C(=O)C1=CC=CC=C1F,4695,2-Fluorobenzoic acid,-398.6672947369462,139.106
FYGDTMLNYKFZSV-ZWSAEMDYSA-N,OC[C@H]1O[C@@H](O[C@H]2[C@H](O)[C@@H](O)[C@H](O[C@H]3[C@H](O)[C@@H](O)C(O)O[C@@H]3CO)O[C@@H]2CO)[C@H](O)[C@@H](O)[C@@H]1O,4851,Cellotriose,-2243.5498224922217,504.43800000000005
FDJKUWYYUZCUJX-PGIATKPXSA-M,OC[C@@H](O)[C@@H](O)[C@@H]1OC(O)(C[C@H](O)[C@H]1NC(=O)CO)C([O-])=O,4983,NeuNGc,-1517.8989013226399,324.263
BBYDXOIZLAWGSL-UHFFFAOYSA-M,[O-]C(=O)C1=CC=C(F)C=C1,5184,4-Fluorobenzoic acid,-388.1654199335594,139.106
BDERNNFJNOPAEC-UHFFFAOYSA-N,CCCO,5400,1-Propanol,-175.85449851838953,60.096000000000004
DLRVVLDZNNYCBX-LIZSDCNHSA-N,OC[C@H]1O[C@@H](OC[C@H]2O[C@@H](O)[C@H](O)[C@@H](O)[C@@H]2O)[C@H](O)[C@@H](O)[C@@H]1O,5465,Gentiobiose,-1585.5511808299227,342.29699999999997
MXNBDFWNYRNIBH-UHFFFAOYSA-M,[O-]C(=O)C1=CC(F)=CC=C1,5713,3-Fluorobenzoic acid,-393.1668163523482,139.106
ROHFNLRQFUQHCH-RXMQYKEDSA-N,CC(C)C[C@@H]([NH3+])C([O-])=O,6927,(2R)-2-amino-4-methylpentanoic acid,-348.83313977105934,131.175
BJHIKXHVCXFQLS-PUFIMZNGSA-N,OC[C@@H](O)[C@@H](O)[C@@H](O)C(=O)CO,6935,BJHIKXHVCXFQLS-PUFIMZNGSA-N,-910.5731092875938,180.15599999999998
XEKOWRVHYACXOJ-UHFFFAOYSA-N,CCOC(C)=O,6982,1-acetoxyethane,-337.6544985183897,88.10600000000001
UOCLXMDMGBRAIB-UHFFFAOYSA-N,CC(Cl)(Cl)Cl,7631,"1,1,1-TCE",-69.0329369443985,133.4
SCYULBFZEHDVBN-UHFFFAOYSA-N,CC(Cl)Cl,7632,"1,1-Dichloroethane",-68.67724925919504,98.95
GBDZXPJXOMHESU-UHFFFAOYSA-N,ClC1=C(Cl)C(Cl)=C(Cl)C=C1,7633,"1,2,3,4-Tetrachlorbenzol",55.811375370404996,215.88
WTIIULQJLZEHGZ-AWFVSMACSA-L,C[C@H](C([O-])=O)[C@@](C)(O)C([O-])=O,7798,"(2R,3S)-2,3-Dimethylmalate",-828.774614876837,160.126
ATCRIUVQKHMXSH-UHFFFAOYSA-M,[O-]C(=O)C1=C(Cl)C=C(Cl)C=C1,7804,"2,4-dichlorobenzoate",-276.42309412974237,190.0
,[C-]#[O+],8576,Carbon monoxide,-119.90000000000022,28.01
HRYZWHHZPQKTII-UHFFFAOYSA-N,CCCl,8601,1-chloroethane,-36.82156157399266,64.51
OTMSDBZUPAUEDD-UHFFFAOYSA-N,CC,9025,Aethan,-17.465873888791354,30.069000000000003
JCQLYHFGKNRPGE-FCVZTGTOSA-N,OC[C@H]1O[C@](O)(CO)[C@@H](O)[C@@H]1O[C@@H]1O[C@H](CO)[C@H](O)[C@H](O)[C@H]1O,9409,4-O-beta-D-Galactopyranosyl-D-fructofuranose,-1575.0944086120717,342.29699999999997
,,9721,Ox-FAD-Flavoproteins,44.28661499999696,
,,9903,Red-FADH2-Flavoproteins,-44.28661500000318,
RELMFMZEBKVZJC-UHFFFAOYSA-N,ClC1=CC=CC(Cl)=C1Cl,10402,"1,2,3-Trichlorbenzol",71.66706305560356,181.44
CFXQEHVMCRXUSD-UHFFFAOYSA-N,ClCC(Cl)CCl,10403,"1,2,3-Trichloropropane",-100.52156157399332,147.42
JHBKHLUZVFWLAG-UHFFFAOYSA-N,ClC1=CC(Cl)=C(Cl)C=C1Cl,10404,"1,2,4,5-Tetrachlorbenzol",53.51137537040294,215.892
RFFLAFLAYFXFSW-UHFFFAOYSA-N,ClC1=CC=CC=C1Cl,10405,"1,2-Dichlorobenzene",84.3227507408065,147.0
ZPQOPVIELGIULI-UHFFFAOYSA-N,ClC1=CC(Cl)=CC=C1,10412,"1,3-dichlorobenzene",81.82275074080553,147.0
QVTQYSFCFOGITD-UHFFFAOYSA-M,[O-]C(=O)C1=C(Cl)C=CC(Cl)=C1,10511,"2,5-dichlorobenzoic acid",-278.72314778166674,190.00400000000002
XRXMNWGCKISMOH-UHFFFAOYSA-M,[O-]C(=O)C1=CC=CC=C1Br,10530,2-bromobenzoate,-209.46732868766875,200.01
CJNZAXGUTKBIHP-UHFFFAOYSA-M,[O-]C(=O)C1=CC=CC=C1I,10559,2-Jod-benzoesaeure,-146.46730072601852,247.0105
VPHHJAOJUJHJKD-UHFFFAOYSA-M,[O-]C(=O)C1=CC(Cl)=C(Cl)C=C1,10660,"3,4-dichlorobenzoic acid",-264.2221488542336,190.00400000000002
SRBFZHDQGSBBOR-AGQMPKSLSA-N,O[C@@H]1COC(O)[C@@H](O)[C@H]1O,10929,D-lyxopyranose,-749.3609918494767,150.13
XIURVHNZVLADCM-IUODEOHRSA-M,CC(=O)OCC1=C(N2[C@H](SC1)[C@H](NC(=O)CC1=CC=CS1)C2=O)C([O-])=O,11086,"(6R,7R)-3-(acetoxymethyl)-8-oxo-7-(thiophen-2-ylacetamido)-5-thia-1-azabicyclo[4.2.0]oct-2-ene-2-carboxylic acid",-816.5010689246227,395.42
GZCGUPFRVQAUEE-ARQDHWQXSA-N,OC[C@@H](O)[C@@H](O)[C@@H](O)[C@H](O)C=O,11219,D-Alt,-907.2402792953645,180.15599999999998
AIQDYKMWENWVQJ-AQKNRBDQSA-K,O[C@@H]1[C@@H](O)C(OP([O-])([O-])=O)O[C@@H]([C@H]1O)C([O-])=O,11228,D-Glucuronate 1-phosphate,-1927.234710480413,271.095
QVLAWKAXOMEXPM-UHFFFAOYSA-N,ClCC(Cl)(Cl)Cl,21310,"1,1,1,2-Tetrachloraethan",-77.7886246295977,167.84
QPFMBZIOSGYJDE-UHFFFAOYSA-N,ClC(Cl)C(Cl)Cl,21316,"1,1,2,2-Tetrachloraethan",-88.88862462959774,167.84
UBOXGVDOUJQMTN-UHFFFAOYSA-N,ClCC(Cl)Cl,21317,"1,1,2-Trichloraethan",-77.63293694439598,133.4
QZYNWJQFTJXIRN-UHFFFAOYSA-N,ClC1=CC(Cl)=C(Cl)C(Cl)=C1,21358,"1,2,3,5-Tetrachlorbenzol",49.21137537040353,215.892
KNKRKFALVUDBJE-UHFFFAOYSA-N,CC(Cl)CCl,21443,"1,2-Dichloropropane",-79.86587388879234,112.98
XKEFYDZQGKAQCN-UHFFFAOYSA-N,ClC1=CC(Cl)=CC(Cl)=C1,21539,"1,3,5-TRICHLORO-BENZENE",56.76706305560462,181.447
MRUDNSFOFOQZDA-UHFFFAOYSA-M,[O-]C(=O)C1=C(Cl)C=CC=C1Cl,23671,"2,6-dichlorobenzoic acid",-262.6232307467786,190.00400000000002
GXANMBISFKBPEX-ONEGZZNKSA-N,CC\C=C\CC=O,25364,3-hexenal,-31.870591291020897,98.145
TUXYZHVUPGXXQG-UHFFFAOYSA-M,[O-]C(=O)C1=CC=C(Br)C=C1,26143,4-Brom-benzoesaeure,-196.26614513882208,200.01
GHICCUXQJBDNRN-UHFFFAOYSA-M,[O-]C(=O)C1=CC=C(I)C=C1,26326,4-iodobenzoate,-141.26611224194596,247.0105
YNZQCBXDUUGFIX-UHFFFAOYSA-N,[NH3+]CSCCC(S)CCCCC([O-])=O,27863,8-[(Aminomethyl)sulfanyl]-6-sulfanyloctanoic acid,-274.4618360998749,237.38299999999998
GZCGUPFRVQAUEE-BGPJRJDNSA-N,OC[C@@H](O)[C@@H](O)[C@@H](O)[C@@H](O)C=O,29038,D-Allose,-913.1682625784138,180.15599999999998
VFRROHXSMXFLSN-KVTDHHQDSA-L,O[C@H](COP([O-])([O-])=O)[C@@H](O)[C@H](O)[C@H](O)C=O,29047,D-Mannose 6-phosphate,-1760.0360636244052,258.12
ZAQJHHRNXZUBTE-NQXXGFSBSA-N,OC[C@@H](O)[C@@H](O)C(=O)CO,29687,D-Ribulose,-740.3390980580039,150.13
IJDNQMDRQITEOD-UHFFFAOYSA-N,CCCC,33085,E 943a,-0.2431231479861238,58.123999999999995
"CGPHZDRCVSLMCF-JZMIEXBBSA-N
",NC1=NC(=O)N(C=C1)[C@@H]1O[C@H](COP([O-])(=O)OP([O-])(=O)O[C@H]2O[C@H](CO)[C@@H](O)[C@H](O)[C@H]2O)[C@@H](O)[C@H]1O,33905,CDP-glucose,-2932.2411311926867,565.318
YTBSYETUWUMLBZ-IUYQGCFVSA-N,OC[C@@H](O)[C@@H](O)C=O,36135,"(2R,3R)-2,3,4-trihydroxybutanal",-602.9168370236183,120.104
AEMOLEFTQBMNLQ-YMDCURPLSA-M,OC1O[C@@H]([C@H](O)[C@H](O)[C@H]1O)C([O-])=O,36159,D-Galacturonate,-1091.5443911760487,193.132
DCDRZWPLOLPDAK-UUOKFMHZSA-L,NC1=NC(=O)C(NC=O)=C(N[C@@H]2O[C@H](COP([O-])(=O)OP([O-])(=O)OP(O)([O-])=O)[C@@H](O)[C@H]2O)N1,41023,Formamidopyrimidine nucleoside triphosphate,-3548.3313369095476,538.173
KSWRTSFNOKOHBE-BIAPBZAGSA-N,OC[C@H]1O[C@H](O)[C@@H](NC(=O)CO)[C@@H](O)[C@@H]1O,42488,Glycolyl-D-mannosamine,-1043.780627376139,237.208
CKAPSXZOOQJIBF-UHFFFAOYSA-N,ClC1=C(Cl)C(Cl)=C(Cl)C(Cl)=C1Cl,43314,"1,2,3,4,5,6-hexachlorobenzene",46.00000000000023,284.77
VHHHONWQHHHLTI-UHFFFAOYSA-N,ClC(Cl)(Cl)C(Cl)(Cl)Cl,43316,"1,1,1,2,2,2-hexachloroethane",-49.599999999999156,236.72
ZRPDXDBGEYHEBJ-UHFFFAOYSA-N,[NH3+]C(CO)(CO)C([O-])=O,43842,(hydroxymethyl)serine,-666.8254441070685,135.119
DLRVVLDZNNYCBX-RTPHMHGBSA-N,OC[C@H]1O[C@H](OC[C@H]2OC(O)[C@H](O)[C@@H](O)[C@@H]2O)[C@H](O)[C@@H](O)[C@@H]1O,44860,Isomaltose,-1584.3659699443153,342.29699999999997
BJHIKXHVCXFQLS-OTWZMJIISA-N,OC[C@H](O)[C@@H](O)[C@H](O)C(=O)CO,45839,L Sorbose,-913.2444783103577,180.15599999999998
UQPHVQVXLPRNCX-VKHMYHEASA-N,OC[C@H](O)C(=O)CO,46145,"(3S)-1,3,4-trihydroxybutan-2-one",-603.001147239922,120.104
GSDBGCKBBJVPNC-UHFFFAOYSA-N,NC(=[NH2+])NCCOP([O-])(=O)OCC([NH3+])C([O-])=O,46934,GSDBGCKBBJVPNC-UHFFFAOYSA-N,-1014.8057852273203,270.182
BRGMHAYQAZFZDJ-RTRLPJTCSA-L,CC(=O)N[C@H]1C(O)O[C@H](COP([O-])([O-])=O)[C@@H](O)[C@@H]1O,49832,N-Acetyl-D-glucosamine 6-phosphate,-1729.565015461439,299.173
CEOCDNVZRAIOQZ-UHFFFAOYSA-N,ClC1=CC(Cl)=C(Cl)C(Cl)=C1Cl,59027,"1,2,3,4,5-PENTACHLOROBENZENE",45.6556876852014,250.32
BNIXVQGCZULYKV-UHFFFAOYSA-N,ClC(Cl)C(Cl)(Cl)Cl,59029,"1,1,1,2,2-pentachloro-ethane",-68.24431231479997,202.28
OFBQJSOFQDEBGM-UHFFFAOYSA-N,CCCCC,59087,CH3-[CH2]3-CH3,9.268252222417477,72.1488
ATUOYWHBWRKTHZ-UHFFFAOYSA-N,CCC,63823,ATUOYWHBWRKTHZ-UHFFFAOYSA-N,-7.354498518388423,44.097
"AAWZDTNXLSGCEK-WYWMIBKRSA-N
",O[C@@H]1C[C@@](O)(C[C@@H](O)[C@H]1O)C([O-])=O,65990,Quinate,-1017.1966683335603,192.167
"HEBKCHPVOIAQTA-ZXFHETKHSA-N
",OC[C@H](O)[C@H](O)[C@H](O)CO,66384,Ribitol,-777.414916366959,152.14600000000002
SMJRBWINMFUUDS-UHFFFAOYSA-M,[O-]C(=O)CC1=CC=CS1,72126,SMJRBWINMFUUDS-UHFFFAOYSA-M,-260.6413008664914,141.16
PMMYEEVYMWASQN-DMTCNVIQSA-N,O[C@H]1C[NH2+][C@@H](C1)C([O-])=O,72644,Trans 4 Hydroxy L proline,-502.3069815662988,131.131
WHUUTDBJXJRKMK-VKHMYHEASA-M,[NH3+][C@@H](CCC([O-])=O)C([O-])=O,74378,L-Glutamate,-692.4964449070071,146.123
RWSOTUBLDIXVET-UHFFFAOYSA-M,[SH-],74380,Hydrogen sulfide,11.565379085651056,33.07
HXXFSFRBOHSIMQ-GASJEMHNSA-L,OC[C@H]1OC(OP([O-])([O-])=O)[C@H](O)[C@@H](O)[C@@H]1O,74381,D-Glucose 1-phosphate,-1756.4764436937116,258.12
"MSTNYGQPCMXVAQ-RYUDHWBXSA-N
",NC1=NC(=O)C2=C(NC[C@H](CNC3=CC=C(C=C3)C(=O)N[C@@H](CCC([O-])=O)C([O-])=O)N2)N1,74383,tetrahydrofolate,-805.9586205346052,445.436
PEDCQBHIVMGVHV-UHFFFAOYSA-N,OCC(O)CO,74384,Glycerol,-493.7333232489028,92.094
ODBLHEXUDAPZAU-UHFFFAOYSA-K,OC(C(CC([O-])=O)C([O-])=O)C([O-])=O,74392,Isocitrate,-1155.7732168181124,189.101
AHLPHDHHMVZTML-BYPYZUCNSA-O,[NH3+]CCC[C@H]([NH3+])C([O-])=O,74395,Ornithine,-363.0114458439669,133.17
HSCJRCZFDFQWRP-ABVWGUQPSA-L,OC[C@H]1O[C@H](OP([O-])(=O)OP([O-])(=O)OC[C@H]2O[C@H]([C@H](O)[C@@H]2O)N2C=CC(=O)NC2=O)[C@H](O)[C@@H](O)[C@H]1O,74408,HSCJRCZFDFQWRP-ABVWGUQPSA-L,-3142.104055679764,564.2869999999999
"FZLJPEPAYPUMMR-RTRLPJTCSA-N
",CC(=O)N[C@@H]1[C@@H](O)[C@H](O)[C@@H](CO)OC1OP([O-])([O-])=O,74429,N-Acetyl-D-glucosamine 1-phosphate,-1724.9582062559489,301.188
MZFOKIKEPGUZEN-IBNUZSNCSA-I,C[C@@H](C([O-])=O)C(=O)SCCNC(=O)CCNC(=O)[C@H](O)C(C)(C)COP([O-])(=O)OP([O-])(=O)OC[C@H]1O[C@H]([C@H](O)[C@@H]1OP([O-])([O-])=O)N1C=NC2=C(N)N=CN=C12,74434,(S)-Methylmalonyl-CoA,-3534.0146622134243,862.57
HWXBTNAVRSUOJR-VKHMYHEASA-L,O[C@@H](CCC([O-])=O)C([O-])=O,74443,(S)-2-Hydroxyglutarate,-840.2261393800521,146.099
MVMSCBBUIHUTGJ-LRJDVEEWSA-L,NC1=NC2=C(N=CN2[C@@H]2O[C@H](COP([O-])(=O)OP([O-])(=O)O[C@H]3O[C@H](CO)[C@@H](O)[C@H](O)[C@H]3O)[C@@H](O)[C@H]2O)C(=O)N1,74447,GDP-D-glucose,-3110.2090015199274,603.328
"NRXIKWMTVXPVEF-BYPYZUCNSA-N
",[O-]C(=O)CC[C@H](NC=[NH2+])C([O-])=O,74448,N-Formimino-L-glutamate,-585.5886989718888,174.15599999999998
GACTWZZMVMUKNG-KVTDHHQDSA-L,OC[C@@H](O)[C@@H](O)[C@H](O)[C@H](O)COP([O-])([O-])=O,74455,D-Mannitol 1-phosphate,-1789.2081089446735,260.13599999999997
DRBBFCLWYRJSJZ-UHFFFAOYSA-L,CN(CC([O-])=O)C(N)=[NH+]P([O-])([O-])=O,74456,Creatine phosphate,-1075.060085215835,209.09900000000002
OVPRPPOVAXRCED-NQXXGFSBSA-K,O[C@H](COP([O-])([O-])=O)[C@H](O)CC(=O)C([O-])=O,74457,2-Dehydro-3-deoxy-D-galactonate 6-phosphate,-1767.712554243476,255.09599999999998
MYNHYKDPSRPBNZ-UHFFFAOYSA-N,[O-]C(=O)CCC1NC=NC1=O,74493,4-Imidazolone-5-propanoate,-334.13347740985904,155.134
FEMXZDUTFRTWPE-UHFFFAOYSA-N,CC(O)C(O)C1=CNC2=NC(N)=NC(=O)C2N1,74537,"7,8-Dihydrobiopterin",-473.8575547693171,239.235
PYMYPHUHKUWMLA-VPENINKCSA-N,OC[C@@H](O)[C@H](O)[C@@H](O)C=O,74603,D-Xylose,-750.1316627073195,150.13
BJHIKXHVCXFQLS-PQLUHFTBSA-N,OC[C@@H](O)[C@H](O)[C@H](O)C(=O)CO,74855,D-Tagatose,-915.5774051483501,180.15599999999998
XEEYBQQBJWHFJM-UHFFFAOYSA-N,[Fe],75150,26Fe,-4.610407570059421e-13,55.845
YTBSYETUWUMLBZ-QWWZWVQMSA-N,OC[C@@H](O)[C@H](O)C=O,75274,D-(-)-Threose,-602.7066954897244,120.104
SZJRUBWOVDTKNI-UHFFFAOYSA-N,[NH3+]C(CS)C(=O)NCC(=O)NCC(=O)NC(CS)C=O,75409,Reduced thioredoxin,-14.672307418730949,322.4
LSNNMFCWUKXFEE-UHFFFAOYSA-L,OS([O-])=O,81378,Sulfite,-525.3377525781165,80.06
HXYVTAGFYLMHSO-UHFFFAOYSA-N,CCCCCCCCCCCCCCCC(=O)NCCO,82768,Anandamide (16:0),-230.51861411825487,299.499
FFFHZYDWPBMWHY-VKHMYHEASA-N,[NH3+][C@@H](CCS)C([O-])=O,88364,L-Homocysteine,-342.7918712802845,135.18
UIVJXHWSIFBBCY-OZZQZGJZSA-M,C[C@H]1OC(OP([O-])(=O)OP([O-])(=O)OC[C@H]2O[C@H](C[C@@H]2O)N2C=C(C)C(=O)NC2=O)[C@H](O)[C@@H](O)[C@@H]1[NH3+],88414,UIVJXHWSIFBBCY-OZZQZGJZSA-N,-2685.929383642157,546.339
RHKKZBWRNHGJEZ-VRPWFDPXSA-L,OC[C@H]1OC(O)(COP([O-])([O-])=O)[C@@H](O)[C@@H]1O,116484,D-Fructose 1-phosphate,-1760.2777486359041,258.12
KFUSEUYYWQURPO-OWOJBTEDSA-N,Cl\C=C\Cl,120404,"1,2-Dichloraethen",32.01137537040268,96.94
LSQZJLSUYDQPKJ-NJBDSQKTSA-N,CC1(C)S[C@@H]2[C@H](NC(=O)[C@H]([NH3+])C3=CC=C(O)C=C3)C(=O)N2[C@H]1C([O-])=O,122520,"(2S,5R,6R)-6-{[(2R)-2-amino-2-(4-hydroxyphenyl)acetyl]amino}-3,3-dimethyl-7-oxo-4-thia-1-azabicyclo[3.2.0]heptane-2-carboxylic acid",-667.5935121784453,365.4
"BGWGXPAPYGQALX-VRPWFDPXSA-N
",OCC1(O)O[C@H](COP([O-])([O-])=O)[C@@H](O)[C@@H]1O,125172,D-Fructose 6-phosphate,-1760.8750546099088,260.135
FIKAKWIAUPDISJ-UHFFFAOYSA-L,C[N+]1=CC=C(C=C1)C1=CC=[N+](C)C=C1,128996,"1,1'-Dimethyl-4,4'-bipyridinium dichloride",345.2523437450962,257.16
KJZHLKZXRSCVKH-UHFFFAOYSA-P,C[NH+]1C=CC(C=C1)C1C=C[NH+](C)C=C1,130512,CPD-15893,224.92312695130056,190.2836
FPIPGXGPPPQFEQ-OVSJKPMPSA-N,C\C(=C/CO)\C=C\C=C(/C)\C=C\C1=C(C)CCCC1(C)C,131778,Retinol,276.2031709006448,286.459
MZFOKIKEPGUZEN-FBMOWMAESA-I,CC(C([O-])=O)C(=O)SCCNC(=O)CCNC(=O)[C@H](O)C(C)(C)COP([O-])(=O)OP([O-])(=O)OC[C@H]1O[C@H]([C@H](O)[C@@H]1OP([O-])([O-])=O)N1C=NC2=C(N)N=CN=C12,131807,2-Methylmalonyl-CoA,-3525.7079669152768,862.57
UWYVPFMHMJIBHE-UPHRSURJSA-L,[O-]C(=O)CC(=O)C([O-])=O,132889,(2Z)-2-hydroxybut-2-enedioate,-787.9034410022866,130.056
YHRUOJUYPBUZOS-UHFFFAOYSA-N,ClCCCCl,134910,compound 40740,-80.365873888792,112.986
VFWCMGCRMGJXDK-UHFFFAOYSA-N,CCCCCl,134961,1-Chlorobutane,-31.79881083318763,92.56700000000001
SNMVRZFUUCLYTO-UHFFFAOYSA-N,CCCCl,134963,compound 40743,-44.71018620358961,78.541
SQCZQTSHSZLZIQ-UHFFFAOYSA-N,CCCCCCl,473252,compound 41988,-29.587435462785496,106.594
"BTNMPGBKDVTSJY-UHFFFAOYSA-N
",[O-]C(=O)C(=O)CC1=CC=CC=C1,557745,Phenylpyruvate,-307.2654286194249,164.16
GHOKWGTUZJEAQD-UHFFFAOYSA-M,CC(C)(CO)C(O)C(=O)NCCC([O-])=O,691160,"3-(2,4-dihydroxy-3,3-dimethylbutanamido)propanoate",-778.9673307255655,218.23
WQQSIXKPRAUZJL-UGDNZRGBSA-L,OC[C@H]1O[C@@](CO)(O[C@H]2O[C@H](COP([O-])([O-])=O)[C@@H](O)[C@H](O)[C@H]2O)[C@@H](O)[C@@H]1O,691168,Sucrose 6-phosphate,-2420.2921739601484,420.26099999999997
BZCOSCNPHJNQBP-OWOJBTEDSA-L,OC(C([O-])=O)C(=O)C([O-])=O,691174,"(2E)-2,3-dihydroxybut-2-enedioate",-964.6876556415384,146.055
OEJZZCGRGVFWHK-UHFFFAOYSA-K,OC(C(CCC([O-])=O)C([O-])=O)C([O-])=O,691207,Homoisocitrate,-1150.322727876613,203.128
AGBQKNBQESQNJD-UHFFFAOYSA-M,[O-]C(=O)CCCCC1CCSS1,691214,"1,2-dithiolane-3-pentanoic acid",-255.113146427672,205.31
AFENDNXGAFYKQO-VKHMYHEASA-M,CC[C@H](O)C([O-])=O,691217,(2S)-2-hydroxybutanoic acid,-506.2992356761634,103.098
TZCZUVPSFJZERP-UHFFFAOYSA-L,OCC(O)C(=O)COP([O-])([O-])=O,691273,"3,4-dihydroxy-2-oxobutyl dihydrogen phosphate",-1437.8533052609616,198.06799999999998
XUYPXLNMDZIRQH-UHFFFAOYSA-M,CSCCC(NC(C)=O)C([O-])=O,691343,N-Acetylmethionine,-445.7325583441151,190.24
JHEDABDMLBOYRG-WRAWDCBKSA-L,C[C@H]1OC(OP([O-])(=O)OP([O-])(=O)OC[C@H]2O[C@H]([C@H](O)[C@@H]2O)N2C=CC(N)=NC2=O)[C@H](O)C[C@@H]1O,691406,"CDP-3,6-dideoxy-D-glucose",-2600.68307533228,531.305
JHEDABDMLBOYRG-AFDCTPMMSA-L,C[C@H]1OC(OP([O-])(=O)OP([O-])(=O)OC[C@H]2O[C@H]([C@H](O)[C@@H]2O)N2C=CC(N)=NC2=O)[C@@H](O)C[C@@H]1O,691491,"CDP-3,6-dideoxy-D-mannose",-2601.359278951036,531.305
"QAOJBHRZQQDFHA-UHFFFAOYSA-N
",[O-]C(=O)C1=C(Cl)C(Cl)=CC=C1,694312,"2,3-Dichlorobenzoate",-269.72313834994236,191.01
"CXKCZFDUOYMOOP-UHFFFAOYSA-N
",[O-]C(=O)C1=CC(Cl)=CC(Cl)=C1,694313,"3,5-Dichlorobenzoate",-273.52256927317256,191.01
"CGFDSIZRJWMQPP-UHFFFAOYSA-N
",[O-]C(=O)C1=C(Cl)C(Cl)=CC(Cl)=C1,694314,"2,3,5-Trichlorobenzoate",-293.37886401835453,225.45
"ICUICNRYLHKQGS-UHFFFAOYSA-N
",[O-]C(=O)C1=CC(Cl)=C(Cl)C(Cl)=C1,694315,"3,4,5-Trichlorobenzoate",-281.5781567821069,225.45
"VOIZNVUXCQLQHS-UHFFFAOYSA-N
",[O-]C(=O)C1=CC(Br)=CC=C1,694316,3-Bromobenzoate,-202.96646116903062,201.019
"KVBWBCRPWVKFQT-UHFFFAOYSA-N
",[O-]C(=O)C1=CC(I)=CC=C1,694317,3-Iodobenzoate,-144.06643562963004,248.019
"IFXKXCLVKQVVDI-UHFFFAOYSA-N
",NC1=C(C=C(Cl)C=C1)C([O-])=O,694318,2-Amino-5-chlorobenzoate,-215.50708650194397,171.58
"NKBASRXWGAGQDP-UHFFFAOYSA-N
",OC1=C(C=C(Cl)C=C1)C([O-])=O,694319,2-Hydroxy-5-chlorobenzoate,-408.86748363530916,172.56
"CSAPESWNZDOAFU-UHFFFAOYSA-N
",CC1=C(C=C(Cl)C=C1)C([O-])=O,694320,2-Methyl-5-chlorobenzoate,-237.05542371268754,170.59
"BSPCSKHALVHRSR-UHFFFAOYSA-N
",CCC(C)Cl,694321,2-Chlorobutane,-45.59881083318726,92.57
"LGHYUXIXXNHKSE-UHFFFAOYSA-N
",C[N+](C)(C)[O-],694322,CH3NHp,77.31248830105073,76.118
"KPVQNXLUPNWQHM-UHFFFAOYSA-O
",CC(=O)C1=C[N+](=CC=C1)C1OC(COP([O-])(=O)OP([O-])(=O)OCC2OC(C(O)C2O)N2C=NC3=C(N)N=CN=C23)C(O)C1O,694323,ap-NAD,-2210.035164920078,663.449
"CIWXCGUGRDQCHH-UHFFFAOYSA-N
",CC(=O)C1=CN(C=CC1)C1OC(COP([O-])(=O)OP([O-])(=O)OCC2OC(C(O)C2O)N2C=NC3=C(N)N=CN=C23)C(O)C1O,694324,ap-NADH,-2194.141716937657,664.4580000000001
